GROUP,PRINTER NAME,QUEUE NAME,SCHOOL/DEPT,ADDRESS,SUPPLY CONTACT,TONER ALERT STATUS
Central Administration (CADM),CADM-NIEMAN-1FRANCISAVE-009-B01,CADM-Crimson-Print,1 Francis Ave,"1 Francis Ave, Basement, Room 009",TBD,
Central Administration (CADM),CADM-NIEMAN-1FRANCISAVE-214-C01,CADM-Crimson-Print,1 Francis Ave,"1 Francis Ave, Floor 2, Room 214",TBD,
Central Administration (CADM),CADM-EU-SC-BSMT-C01,CADM-Crimson-Print,1 Oxford St (Science Center),"1 Oxford St, Basement, Outside of E&U Office",TBD,
Central Administration (CADM),SCS-SCIENCECTR-B14-C01,CADM-Crimson-Print,1 Oxford St (Science Center),"1 Oxford St, Basement, Room B14",TBD,
Central Administration (CADM),SCS-SCIENCECTR-B14-C02,CADM-Crimson-Print,1 Oxford St (Science Center),"1 Oxford St, Basement, Room B14",TBD,
Central Administration (CADM),FAS-ESS-SC-B02-C01,CADM-Crimson-Print,1 Oxford St (Science Center),"1 Oxford St, Basement, Room B02",TBD,
Central Administration (CADM),CADM-HL-1000MA-222-C01,CADM-Crimson-Print,1000 Massachusetts Ave,"1000 Mass Ave, Floor 2, Room 222",TBD,
Central Administration (CADM),CADM-HL-1000MA-249-C01,CADM-Crimson-Print,1000 Massachusetts Ave,"1000 Mass Ave, Floor 2, Room 249",TBD,
Central Administration (CADM),CADM-HL-1000MA-259-C01,CADM-Crimson-Print,1000 Massachusetts Ave,"1000 Mass Ave, Floor 2, Room 259",TBD,
Central Administration (CADM),CADM-GHELI-104MTA-317-C01,CADM-Crimson-Print,104 Mount Auburn St,"104 Mount Auburn St, Floor 3, Room 317",TBD,
Central Administration (CADM),CADM-OPP-MASSHALL-FL1-MAIL,CADM-Crimson-Print,11 Harvard Yard (Massachusetts Hall),"Massachusetts Hall, Floor 1, Mail Room",TBD,
Central Administration (CADM),CADM-OPP-MASSHALL-FL1-RECPTN,CADM-Crimson-Print,11 Harvard Yard (Massachusetts Hall),"Massachusetts Hall, Floor 1, Reception",TBD,
Central Administration (CADM),CADM-OPP-MASSHALL-FL2,CADM-Crimson-Print,11 Harvard Yard (Massachusetts Hall),"Massachusetts Hall, Floor 2, Hallway",TBD,
Central Administration (CADM),CADM-OPP-MASSHALL-FL3,CADM-Crimson-Print,11 Harvard Yard (Massachusetts Hall),"Massachusetts Hall, Floor 3, Copy Area",TBD,
Central Administration (CADM),CADM-VPAL-114MTA-321-C01,CADM-Crimson-Print,114 Mount Auburn St,"114 Mount Auburn St, Floor 3, Room 321",TBD,
Central Administration (CADM),CADM-FAD-114MTA-437-C01,CADM-Crimson-Print,114 Mount Auburn St,"114 Mount Auburn St, Floor 4, Near 437",TBD,
Central Administration (CADM),CADM-FAD-114MTA-444-C01,CADM-Crimson-Print,114 Mount Auburn St,"114 Mount Auburn St, Floor 4, Near 444",TBD,
Central Administration (CADM),CADM-HPAC-114MTA-537-C01,CADM-Crimson-Print,114 Mount Auburn St,"114 Mount Auburn St, Floor 5, Room 537 (mail room)",TBD,
Central Administration (CADM),CADM-GSS-114MTA-547-C01,CADM-Crimson-Print,114 Mount Auburn St,"114 Mount Auburn St, Floor 5, Room 547",TBD,
Central Administration (CADM),CADM-HPAC-114MTA-629-C01,CADM-Crimson-Print,114 Mount Auburn St,"114 Mount Auburn St, Floor 6, Room 629",TBD,
Central Administration (CADM),CADM-HALC-114WESTERNAVE-3216-C01,CADM-Crimson-Print,114 Western Ave,"114 Western Ave, Floor 3, Room 3216",TBD,
Central Administration (CADM),CADM-CS-114WESTERNAVE-3500-C01,CADM-Crimson-Print,114 Western Ave,"114 Western Ave, Floor 3, Room 3500",TBD,
Central Administration (CADM),CADM-HDSI-114WESTERNAVE-3500-C01,CADM-Crimson-Print,114 Western Ave,"114 Western Ave, Floor 3, Suite 3500, Outside Office 3122",TBD,
Central Administration (CADM),CADM-CS-12WESTERNAVE-FL3-C01,CADM-Crimson-Print,12 Western Ave,"12 Western Ave, Floor 3",TBD,
Central Administration (CADM),CADM-HHR-124MTA-3303-C01,CADM-Crimson-Print,124 Mount Auburn St,"124 Mount Auburn St, Floor 3, Room 3303",TBD,
Central Administration (CADM),CADM-HHR-124MTA-3337-C01,CADM-Crimson-Print,124 Mount Auburn St,"124 Mount Auburn St, Floor 3, Room 3337 (Copy Room)",TBD,
Central Administration (CADM),CADM-HHR-124MTA-3379-C01,CADM-Crimson-Print,124 Mount Auburn St,"124 Mount Auburn St, Floor 3, Room 3379 (Copy Room)",TBD,
Central Administration (CADM),CADM-AAD-124MTA-345-C01,CADM-Crimson-Print,124 Mount Auburn St,"124 Mount Auburn St, Floor 3, Near Room 345 (By Stairwell)",TBD,
Central Administration (CADM),CADM-AAD-124MTA-418S-C01,CADM-Crimson-Print,124 Mount Auburn St,"124 Mount Auburn St, Floor 4, Room 418S",TBD,
Central Administration (CADM),CADM-AAD-124MTA-419-C01,CADM-Crimson-Print,124 Mount Auburn St,"124 Mount Auburn St, Floor 4, Room 419",TBD,
Central Administration (CADM),CADM-FAD-124MTA-430S-C01,CADM-Crimson-Print,124 Mount Auburn St,"124 Mount Auburn St, Floor 4, Room 430S",TBD,
Central Administration (CADM),CADM-AAD-124MTA-444-C01,CADM-Crimson-Print,124 Mount Auburn St,"124 Mount Auburn St, Floor 4, Room 444",TBD,
Central Administration (CADM),CADM-HHR-124MTA-4451C-C01,CADM-Crimson-Print,124 Mount Auburn St,"124 Mount Auburn St, Floor 4, Benefits Office, Closet 4451C",TBD,
Central Administration (CADM),CADM-HHR-124MTA-460-C01,CADM-Crimson-Print,124 Mount Auburn St,"124 Mount Auburn St, Floor 4, Room 460",TBD,
Central Administration (CADM),CADM-AAD-124MTA-478-C01,CADM-Crimson-Print,124 Mount Auburn St,"124 Mount Auburn St, Floor 4, Room 478",TBD,
Central Administration (CADM),CADM-AAD-124MTA-532-C01,CADM-Crimson-Print,124 Mount Auburn St,"124 Mount Auburn St, Floor 5, Room 532",TBD,
Central Administration (CADM),CADM-AAD-124MTA-560-C01,CADM-Crimson-Print,124 Mount Auburn St,"124 Mount Auburn St, Floor 5, Room 560",TBD,
Central Administration (CADM),CADM-AAD-124MTA-602-C01,CADM-Crimson-Print,124 Mount Auburn St,"124 Mount Auburn St, Floor 6, Room 602",TBD,
Central Administration (CADM),CADM-AAD-124MTA-611-C01,CADM-Crimson-Print,124 Mount Auburn St,"124 Mount Auburn St, Floor 6, Room 611",TBD,
Central Administration (CADM),CADM-CP-1350MA-540-C01,CADM-Crimson-Print,1350 Massachusetts Ave (Smith Campus Center),"Smith Campus Center, Floor 5, Room 540",TBD,
Central Administration (CADM),CADM-HUPAD-1350MA-560-C01,CADM-Crimson-Print,1350 Massachusetts Ave (Smith Campus Center),"Smith Campus Center, Floor 5, Room 560",TBD,
Central Administration (CADM),CADM-HUPAD-1350MA-572-C01,CADM-Crimson-Print,1350 Massachusetts Ave (Smith Campus Center),"Smith Campus Center, Floor 5, Room 572",TBD,
Central Administration (CADM),CADM-OGE-1350MA-624-C01,CADM-Crimson-Print,1350 Massachusetts Ave (Smith Campus Center),"Smith Campus Center, Floor 6, Room 624",TBD,
Central Administration (CADM),CADM-UDR-1350MA-662-C01,CADM-Crimson-Print,1350 Massachusetts Ave (Smith Campus Center),"Smith Campus Center, Floor 6, Room 662",TBD,
Central Administration (CADM),CADM-OPP-1350MA-669-C01,CADM-Crimson-Print,1350 Massachusetts Ave (Smith Campus Center),"Smith Campus Center, Floor 6, Room 669",TBD,
Central Administration (CADM),CADM-OTD-1350MA-708-C01,CADM-Crimson-Print,1350 Massachusetts Ave (Smith Campus Center),"Smith Campus Center, Floor 7, Room 708",TBD,
Central Administration (CADM),CADM-CP-1350MA-734ADJACENT-C01,CADM-Crimson-Print,1350 Massachusetts Ave (Smith Campus Center),"Smith Campus Center, Floor 7, Room 734 Adjacent",TBD,
Central Administration (CADM),CADM-HUIT-1350MA-751-C01,CADM-Crimson-Print,1350 Massachusetts Ave (Smith Campus Center),"Smith Campus Center, Floor 7, Room 751",TBD,
Central Administration (CADM),CADM-CP-1350MA-765AADJACENT-C01,CADM-Crimson-Print,1350 Massachusetts Ave (Smith Campus Center),"Smith Campus Center, Floor 7, Adjacent to Room 765",TBD,
Central Administration (CADM),CADM-CS-1350MA-800-B01,CADM-Crimson-Print,1350 Massachusetts Ave (Smith Campus Center),"Smith Campus Center, Floor 8, Room 800",TBD,
Central Administration (CADM),CADM-CS-1350MA-800-C01,CADM-Crimson-Print,1350 Massachusetts Ave (Smith Campus Center),"Smith Campus Center, Floor 8, Room 800",TBD,
Central Administration (CADM),CADM-FAD-1350MA-801-B01,CADM-Crimson-Print,1350 Massachusetts Ave (Smith Campus Center),"Smith Campus Center, Floor 8, Room 801",TBD,
Central Administration (CADM),CADM-CS-1350MA-807-C01*,CADM-Crimson-Print,1350 Massachusetts Ave (Smith Campus Center),"Smith Campus Center, Floor 8, Room 807 (restricted access)",TBD,
Central Administration (CADM),CADM-CS-1350MA-807-C02*,CADM-Crimson-Print,1350 Massachusetts Ave (Smith Campus Center),"Smith Campus Center, Floor 8, Room 807 (restricted access)",TBD,
Central Administration (CADM),CADM-CP-1350MA-831ADJACENT-C01,CADM-Crimson-Print,1350 Massachusetts Ave (Smith Campus Center),"Smith Campus Center, Floor 8, Room 831 Adjacent",TBD,
Central Administration (CADM),CADM-OPP-1350MA-842-C01,CADM-Crimson-Print,1350 Massachusetts Ave (Smith Campus Center),"Smith Campus Center, Floor 8, Room 842",TBD,
Central Administration (CADM),CADM-CS-1350MA-847-B01,CADM-Crimson-Print,1350 Massachusetts Ave (Smith Campus Center),"Smith Campus Center, Floor 8, Room 847",TBD,
Central Administration (CADM),CADM-CS-1350MA-862-B01,CADM-Crimson-Print,1350 Massachusetts Ave (Smith Campus Center),"Smith Campus Center, Floor 8, Room 862",TBD,
Central Administration (CADM),CADM-CS-1350MA-862-C01,CADM-Crimson-Print,1350 Massachusetts Ave (Smith Campus Center),"Smith Campus Center, Floor 8, Room 862",TBD,
Central Administration (CADM),CADM-CS-1350MA-864-B01,CADM-Crimson-Print,1350 Massachusetts Ave (Smith Campus Center),"Smith Campus Center, Floor 8, Room 864",TBD,
Central Administration (CADM),CADM-DIB-1350MA-901A-C01,CADM-Crimson-Print,1350 Massachusetts Ave (Smith Campus Center),"Smith Campus Center, Floor 9, Room 901A",TBD,
Central Administration (CADM),CADM-OGE-1350MA-912-C01,CADM-Crimson-Print,1350 Massachusetts Ave (Smith Campus Center),"Smith Campus Center, Floor 9, Room 912 (Copy Room)",TBD,
Central Administration (CADM),CADM-ODR-1350MA-924-C01,CADM-Crimson-Print,1350 Massachusetts Ave (Smith Campus Center),"Smith Campus Center, Floor 9, Room 924 (Copy Room)",TBD,
Central Administration (CADM),CADM-CP-1350MA-933ADJACENT-C01,CADM-Crimson-Print,1350 Massachusetts Ave (Smith Campus Center),"Smith Campus Center, Floor 9, Adjacent to Room 933",TBD,
Central Administration (CADM),CADM-OGC-1350MA-980A-C01,CADM-Crimson-Print,1350 Massachusetts Ave (Smith Campus Center),"Smith Campus Center, OGC, Floor 9, Room 980A",TBD,
Central Administration (CADM),CADM-CS-58PLYMPTON-BSMT-C01,CADM-Crimson-Print,58 Plympton St.,"58 Plympton St, Basement (FMO River Shop)",TBD,
Central Administration (CADM),CADM-CS-14STORY-324A-C01,CADM-Crimson-Print,14 Story St,"14 Story St, Floor 3, Room 324A",TBD,
Central Administration (CADM),CADM-II-14STORY-407-C01,CADM-Crimson-Print,14 Story St,"14 Story St, Floor 4, Near room 407",TBD,
Central Administration (CADM),FAS-AF-1414MA-FL4-C01,CADM-Crimson-Print,1414 Massachusetts Ave,"1414 Massachusetts Ave, Floor 1, Room 443, Mailroom",TBD,
Central Administration (CADM),FAS-AF-1414MA-FL5-C01,CADM-Crimson-Print,1414 Massachusetts Ave,"1414 Massachusetts Ave, Floor 5, Mailroom",TBD,
Central Administration (CADM),CADM-HUIT-1414MA-243-C01,CADM-Crimson-Print,1414 Massachusetts Ave,"1414 Mass Ave, Floor 2, Room 243",TBD,
Central Administration (CADM),CADM-HUIT-1430MA-203-C01,CADM-Crimson-Print,1430 Massachusetts Ave,"1430 Mass Ave, Floor 2, Room 203",TBD,
Central Administration (CADM),CADM-OGB-LOEB-217-C01,CADM-Crimson-Print,17 Quincy St (Loeb House),"Loeb House, Floor 2, Room 217",TBD,
Central Administration (CADM),CADM-HAM-1746-FLR1-C01,CADM-Crimson-Print,1746 Cambridge St,"1746 Cambridge St, Floor 1, Room 104",TBD,
Central Administration (CADM),CADM-CS-FACULTYCLUB-BSMT-005-C01,CADM-Crimson-Print,20 Quincy St,"20 Quincy St, Basement, Room 005",TBD,
Central Administration (CADM),CADM-CS-20QUINCYST-011-C01,CADM-Crimson-Print,20 Quincy St,"20 Quincy St, Room 011",TBD,
Central Administration (CADM),CADM-OPP-FACULTYCLUB-312-C01,CADM-Crimson-Print,20 Quincy St,"20 Quincy St, Floor 3, Room 312",TBD,
Central Administration (CADM),CADM-HAM-SOMERVILLE-228-C01,CADM-Crimson-Print,200 Innerbelt Rd,"200 Innerbelt Rd, Floor 2, Room 228",TBD,
Central Administration (CADM),CADM-HAM-SOMERVILLE-254-C01,CADM-Crimson-Print,200 Innerbelt Rd,"200 Innerbelt Rd, Floor 2, Room 254",TBD,
Central Administration (CADM),CADM-CS-28TRAVIS-002-C01,CADM-Crimson-Print,28 Travis St,"28 Travis St, Floor 1, Hallway near Transportation",TBD,
Central Administration (CADM),CADM-CS-28TRAVIS-010-C01,CADM-Crimson-Print,28 Travis St,"28 Travis St, Floor 1, Room 010 Mailroom",TBD,
Central Administration (CADM),CADM-CS-28TRAVIS-084-C01,CADM-Crimson-Print,28 Travis St,"28 Travis St, Room 084",TBD,
Central Administration (CADM),CADM-HUIT-28TRAVIS-FL1-C01,CADM-Crimson-Print,28 Travis St,"28 Travis St, Floor 1",TBD,
Central Administration (CADM),SEAS-PIERCE-1FL-C01,CADM-Crimson-Print,29 Oxford St (Pierce Hall)/26 Oxford St (The Ernst Mayr Library),"Pierce Hall, Floor 1, Hallway",TBD,
Central Administration (CADM),CADM-HGHI-42CHURCH-213-C01,CADM-Crimson-Print,42 Church St,"42 Church St, Floor 2, Outside Room 213",TBD,
Central Administration (CADM),CADM-CS-46BLKSTNSTH-008H-C01,CADM-Crimson-Print,46 Blackstone St,"46 Blackstone St, Basement South, Room 008H",TBD,
Central Administration (CADM),CADM-CS-46BLKSTNSTH-017A-B01,CADM-Crimson-Print,46 Blackstone St,"46 Blackstone St, Basement South, Room 017A",TBD,
Central Administration (CADM),CADM-CS-46BLKSTNNRTH-119A-C01,CADM-Crimson-Print,46 Blackstone St,"46 Blackstone St, Floor 1 North, Room 119A (Copy Area)",TBD,
Central Administration (CADM),CADM-CS-46BLKSTNSTH-203-C01,CADM-Crimson-Print,46 Blackstone St,"46 Blackstone St, Floor 2 South, Room 203",TBD,
Central Administration (CADM),CADM-CS-46BLKSTNNRTH-219-C01,CADM-Crimson-Print,46 Blackstone St,"46 Blackstone St, Floor 2 North, Room 219 (Copy Area)",TBD,
Central Administration (CADM),CADM-CS-46BLKSTNSTH-300-C01,CADM-Crimson-Print,46 Blackstone St,"46 Blackstone St, Floor 3 South, Corridor 300",TBD,
Central Administration (CADM),CADM-MBB-NWL-180-C01,CADM-Crimson-Print,52 Oxford St (Northwest Building/Labs),"52 Oxford St, Floor 1, Room 180",TBD,
Central Administration (CADM),CADM-ART-LOEB-204-C01,CADM-Crimson-Print,64 Brattle St (Loeb Drama Center),"Loeb Drama Center, Floor 2, Room 204",TBD,
Central Administration (CADM),CADM-ART-LOEB-206-C01,CADM-Crimson-Print,64 Brattle St (Loeb Drama Center),"Loeb Drama Center, Floor 2, Room 205/206",TBD,
Central Administration (CADM),CADM-CS-65WNTHRP-106-C01,CADM-Crimson-Print,65 Winthrop St,"65 Winthrop St, Floor 1, Room 106",TBD,
Central Administration (CADM),CADM-CS-65WNTHRP-201B-C01,CADM-Crimson-Print,65 Winthrop St,"65 Winthrop St, Floor 2, Room 201B",TBD,
Central Administration (CADM),CADM-CS-65WNTHRP-305-C01,CADM-Crimson-Print,65 Winthrop St,"65 Winthrop St, Floor 3, Copy Area",TBD,
Central Administration (CADM),CADM-HUIT-65RMTA-FL1-C01,CADM-Crimson-Print,65R Mount Auburn St,"65R Mount Auburn St, Floor 1",TBD,
Central Administration (CADM),CADM-HUIT-784-S348-C01,CADM-Crimson-Print,784 Memorial Dr,"784 Memorial Dr, Floor 3 South, Room S348",TBD,
Central Administration (CADM),CADM-HUP-79GARDEN-103-C01,CADM-Crimson-Print,79 Garden St,"79 Garden St, Floor 1, Room 103",TBD,
Central Administration (CADM),CADM-HUP-79GARDEN-201-C01,CADM-Crimson-Print,79 Garden St,"79 Garden St, Floor 2, Room 201",TBD,
Central Administration (CADM),CADM-HUP-79GARDEN-G12-C01,CADM-Crimson-Print,79 Garden St,"79 Garden St, Ground Floor, Room G12",TBD,
Central Administration (CADM),CADM-SALATA-BELFER-401-C01,CADM-Crimson-Print,79 John F. Kennedy St (Belfer Center),"Belfer Center, Floor 4, Room 401",TBD,
Central Administration (CADM),CADM-SALATA-BELFER-504-C01,CADM-Crimson-Print,79 John F. Kennedy St (Belfer Center),"Belfer Center, Floor 5, Room 504",TBD,
Central Administration (CADM),CADM-SALATA-BELFER-509-C01,CADM-Crimson-Print,79 John F. Kennedy St (Belfer Center),"Belfer Center, Floor 5, Room 509",TBD,
Central Administration (CADM),CADM-HUIT-8STORY-B30-C01,CADM-Crimson-Print,8 Story St,"8 Story St, Basement, Suite B30",TBD,
Central Administration (CADM),CADM-HUIT-8STORY-270-C01,CADM-Crimson-Print,8 Story St,"8 Story St, Floor 2, Suite 270",TBD,
Central Administration (CADM),CADM-CS-8STORY-300-C01,CADM-Crimson-Print,8 Story St,"8 Story St, Floor 3, Suite 300 (Hallway)",TBD,
Central Administration (CADM),CADM-IIHP-8STORY-380-C01,CADM-Crimson-Print,8 Story St,"8 Story St, Floor 3, Suite 380",TBD,
Central Administration (CADM),CADM-HUIT-8STORY-470-C01,CADM-Crimson-Print,8 Story St,"8 Story St, Floor 4, Suite 470",TBD,
Central Administration (CADM),CADM-HUIT-8STORY-500-C01,CADM-Crimson-Print,8 Story St,"8 Story St, Floor 5, Suite 500",TBD,
Central Administration (CADM),CADM-HUIT-8STORY-570-C01,CADM-Crimson-Print,8 Story St,"8 Story St, Floor 5, Suite 570",TBD,
Central Administration (CADM),CADM-HL-CABOT-LL18-C01,CADM-Crimson-Print,Cabot Library,"Science Center, Cabot Library, Lower Level, Room LL18",TBD,
Central Administration (CADM),CADM-HL-LAMONT-B10-B01,CADM-Crimson-Print,Lamont Library,"Lamont Library, Basement, Room B10",TBD,
Central Administration (CADM),CADM-MEMCHURCH-G045-C01,CADM-Crimson-Print,Memorial Church,"Memorial Church, Ground Floor, Room 045",TBD,
Central Administration (CADM),CADM-HL-PUSEY-LL2-ARCHIVES-C01,CADM-Crimson-Print,Pusey Library,"Pusey Library, Lower Level 2 (P2), Archives",TBD,
Central Administration (CADM),CADM-HL-PUSEY-LL1-ARCHIVES-C01,CADM-Crimson-Print,Pusey Library,"Pusey Library, Lower Level 1 (P1), Archives",TBD,
Central Administration (CADM),CADM-HL-WIDENER-G10-C01,CADM-Crimson-Print,Widener Library,"Widener Library, Ground Floor, Room G10",TBD,
Central Administration (CADM),CADM-HL-WIDENER-120-C01,CADM-Crimson-Print,Widener Library,"Widener Library, Floor 1, Room 120",TBD,
Central Administration (CADM),HCL-WIDENER-180-C01,CADM-Crimson-Print,Widener Library,"Widener Library, Floor 1, Room 180",TBD,
Central Administration (CADM),CADM-HL-YENCHING-B11-C01,CADM-Crimson-Print,Yenching Library,"Yenching Library, Basement, Room B11",TBD,
Central Administration (CADM),CADM-HL-YENCHING-CIRCULATION-C02,CADM-Crimson-Print,Yenching Library,"Yenching Library, Circulation Desk",TBD,
Central Administration (CADM),CADM-HAM-32QUINCY-A500-C01,CADM-Crimson-Print,32 Quincy St (Harvard Art Museums),"32 Quincy St, B1, Room A500",TBD,
Central Administration (CADM),CADM-HAM-32QUINCY-440-C01,CADM-Crimson-Print,32 Quincy St (Harvard Art Museums),"32 Quincy St, Lower Level, Room 440",TBD,
Central Administration (CADM),CADM-HAM-32QUINCY-3136-C01,CADM-Crimson-Print,32 Quincy St (Harvard Art Museums),"32 Quincy St, Floor 3, Room 3136",TBD,
Central Administration (CADM),CADM-HAM-32QUINCY-3332-C01,CADM-Crimson-Print,32 Quincy St (Harvard Art Museums),"32 Quincy St, Floor 3, Room 3332",TBD,
Central Administration (CADM),CADM-HAM-32QUINCY-4790-C01,CADM-Crimson-Print,32 Quincy St (Harvard Art Museums),"32 Quincy St, Floor 4, Room 4790",TBD,
Harvard Divinity School,HDS-LIB-1FL-C01,HDS-Crimson-Print,"45 Francis Ave, Cambridge, MA 02138","HDS Library, Floor 1, Library, Room C111",TBD,
Harvard Divinity School,HDS-LIB-1FL-C02,HDS-Crimson-Print,"45 Francis Ave, Cambridge, MA 02138","HDS Library, Floor 1, Library, Room 139",TBD,
Harvard Divinity School,HDS-LIB-235-C01,HDS-Crimson-Print,"45 Francis Ave, Cambridge, MA 02138","HDS Library, Floor 2, Room 235",TBD,
Harvard Divinity School,HDS-Carriage-1FL-C01,HDS-Crimson-Print,"45 Francis Ave, Cambridge, MA 02138","Carriage House, Floor 1",TBD,
Harvard Divinity School,HDS-CSWR-104-C01,HDS-Crimson-Print,"45 Francis Ave, Cambridge, MA 02138","Center for the Study of World Religions, Floor 1, Room 104",TBD,
Harvard Divinity School,HDS-CSWR-202-C01,HDS-Crimson-Print,"45 Francis Ave, Cambridge, MA 02138","Center for the Study of World Religions, Floor 2, Room 202",TBD,
Harvard Divinity School,HDS-DIVHALL-114-C01,HDS-Crimson-Print,"45 Francis Ave, Cambridge, MA 02138","Divinity Hall, Floor 1, Room 114",TBD,
Harvard Divinity School,HDS-DIVHALL-203-C01,HDS-Crimson-Print,"45 Francis Ave, Cambridge, MA 02138","Divinity Hall, Floor 2, Room 203",TBD,
Harvard Divinity School,HDS-DIVHALL-222_223-C01,HDS-Crimson-Print,"45 Francis Ave, Cambridge, MA 02138","Divinity Hall, Floor 2, Between Rooms 222 and 223",TBD,
Harvard Divinity School,HDS-DIVHALL-318-C01,HDS-Crimson-Print,"45 Francis Ave, Cambridge, MA 02138","Divinity Hall, Floor 3, Room 318",TBD,
Harvard Divinity School,HDS-DIVHALL-409-C01,HDS-Crimson-Print,"45 Francis Ave, Cambridge, MA 02138","Divinity Hall, Floor 4, Room 409",TBD,
Harvard Divinity School,HDS-ROCKHALL-104-C01,HDS-Crimson-Print,"45 Francis Ave, Cambridge, MA 02138","Rock Hall, Floor 1, Room 104",TBD,
Harvard Divinity School,HDS-ROCKHALL-212-C01,HDS-Crimson-Print,"45 Francis Ave, Cambridge, MA 02138","Rock Hall, Floor 2, Room 212",TBD,
Harvard Divinity School,HDS-ROCKHALL-312-C01,HDS-Crimson-Print,"45 Francis Ave, Cambridge, MA 02138","Rock Hall, Floor 3, Room 312",TBD,
Harvard Divinity School,HDS-ROCKHALL-412-C01,HDS-Crimson-Print,"45 Francis Ave, Cambridge, MA 02138","Rock Hall, Floor 4, Room 412",TBD,
Harvard Divinity School,HDS-SWARTZ-G03-C01,HDS-Crimson-Print,"45 Francis Ave, Cambridge, MA 02138","Swartz Hall, Ground Floor, Room G03",TBD,
Harvard Divinity School,HDS-Swartz-G15-C01,HDS-Crimson-Print,"45 Francis Ave, Cambridge, MA 02138","Swartz Hall, Ground Floor, Room G15",TBD,
Harvard Divinity School,HDS-Swartz-G19-C01,HDS-Crimson-Print,"45 Francis Ave, Cambridge, MA 02138","Swartz Hall, Ground Floor, Room G19",TBD,
Harvard Divinity School,HDS-Swartz-G24-C01,HDS-Crimson-Print,"45 Francis Ave, Cambridge, MA 02138","Swartz Hall, Ground Floor, Room G24",TBD,
Harvard Divinity School,HDS-Swartz-G33-C01,HDS-Crimson-Print,"45 Francis Ave, Cambridge, MA 02138","Swartz Hall, Ground Floor, Room G33",TBD,
Harvard Divinity School,HDS-Swartz-106-C01,HDS-Crimson-Print,"45 Francis Ave, Cambridge, MA 02138","Swartz Hall, Floor 1, Room 106 ",TBD,
Harvard Divinity School,HDS-Swartz-110-C01,HDS-Crimson-Print,"45 Francis Ave, Cambridge, MA 02138","Swartz Hall, Floor 1, Room 110",TBD,
Harvard Divinity School,HDS-Swartz-209-C01,HDS-Crimson-Print,"45 Francis Ave, Cambridge, MA 02138","Swartz Hall, Floor 2, Room 209",TBD,
Harvard Divinity School,HDS-Swartz-313-C01,HDS-Crimson-Print,"45 Francis Ave, Cambridge, MA 02138","Swartz Hall, Floor 3, Room 313",TBD,
Harvard Divinity School,HDS-Swartz-326-C01,HDS-Crimson-Print,"45 Francis Ave, Cambridge, MA 02138","Swartz Hall, Floor 3, Room 326",TBD,
Harvard Faculty of Arts and Sciences,FAS-AF-1414MA-FL4-C01,AF-Crimson-Print,Administrative Operations,"1414 Massachusetts Ave, Floor 4, Room 443 Mailroom",TBD,
Harvard Faculty of Arts and Sciences,FAS-AF-1414MA-FL5-C01,AF-Crimson-Print,Administrative Operations,"1414 Massachusetts Ave, Floor 5, Mailroom",TBD,
Harvard Faculty of Arts and Sciences,ADMF-86BRTL-139-B01,ADMFAO-Crimson-Print,Admissions and Financial Aid Office,"86 Brattle St, Floor 1, Room 139",TBD,
Harvard Faculty of Arts and Sciences,ADMF-86BRTL-1STSTAIR-C01,ADMFAO-Crimson-Print,Admissions and Financial Aid Office,"86 Brattle St, Floor 1, Stairwell",TBD,
Harvard Faculty of Arts and Sciences,ADMF-86BRTL-B20-B01,ADMFAO-Crimson-Print,Admissions and Financial Aid Office,"86 Brattle St, Basement, Room 20",TBD,
Harvard Faculty of Arts and Sciences,ADMF-86BRTL-BRAMP-B01,ADMFAO-Crimson-Print,Admissions and Financial Aid Office,"86 Brattle St, Basement, Ramp",TBD,
Harvard Faculty of Arts and Sciences,ADMF-86BRTL-RECEPT-C01,ADMFAO-Crimson-Print,Admissions and Financial Aid Office,"86 Brattle St, Reception, Lobby",TBD,
Harvard Faculty of Arts and Sciences,ADMF-Agassiz-108-C01,ADMFAO-Crimson-Print,Admissions and Financial Aid Office,"Elizabeth Cary Agassiz House, Floor 1, Room 108",TBD,
Harvard Faculty of Arts and Sciences,ADMF-Agassiz-401-C01,ADMFAO-Crimson-Print,Admissions and Financial Aid Office,"Elizabeth Cary Agassiz House, Floor 4, Room 401",TBD,
Harvard Faculty of Arts and Sciences,FAS-CES-ADOLPHUSBCH-4FL-B01,CES-Crimson-Print,Center for European Studies,"Adolphus Busch Hall, Floor 4",TBD,
Harvard Faculty of Arts and Sciences,FAS-CES-ADOLPHUSBCH-LL-CLO-B01,CES-Crimson-Print,Center for European Studies,"Adolphus Busch Hall, Lower Level, Closet",TBD,
Harvard Faculty of Arts and Sciences,FAS-CES-ADOLPHUSBCH-MAIL-C01,CES-Crimson-Print,Center for European Studies,"Adolphus Busch Hall, Mailroom",TBD,
Harvard Faculty of Arts and Sciences,FAS-ESS-1414MA-FL2-RECEPT-B01,AF-Crimson-Print,Education Support Services,"1414 Mass Ave, Floor 2, Behind reception",TBD,
Harvard Faculty of Arts and Sciences,FAS-ESS-SC-B02-C01,AF-Crimson-Print,Education Support Services,"Science Center, Basement, B02",TBD,
Harvard Faculty of Arts and Sciences,FAS-ESS-SEVERHALL-301-C01,AF-Crimson-Print,Education Support Services,"Sever Hall, Floor 3, Room 301",TBD,
Harvard Faculty of Arts and Sciences,FAS-HCDO-GND-KIT-C01,HCDO-Crimson-Print,Harvard College Dean's Office,"1 Harvard Yard, Ground Floor, Kitchen",TBD,
Harvard Faculty of Arts and Sciences,FAS-CGIS-K003,HMDC-Crimson-Print,Harvard-MIT Data Center / Center for Government and International Studies,"1737 Cambridge ST, CGIS Knafel, Concourse Computer Lab",TBD,
Harvard Faculty of Arts and Sciences,FAS-CGIS-K024,HMDC-Crimson-Print,Harvard-MIT Data Center / Center for Government and International Studies,"1737 Cambridge ST, CGIS Knafel, Concourse Computer Lab",TBD,
Harvard Faculty of Arts and Sciences,FAS-CGIS-K024-BW1,HMDC-Crimson-Print,Harvard-MIT Data Center / Center for Government and International Studies,"1737 Cambridge ST, CGIS Knafel, Concourse Computer Lab",TBD,
Harvard Faculty of Arts and Sciences,FAS-CGIS-K024-BW2,HMDC-Crimson-Print,Harvard-MIT Data Center / Center for Government and International Studies,"1737 Cambridge ST, CGIS Knafel, Concourse Computer Lab",TBD,
Harvard Faculty of Arts and Sciences,FAS-CGIS-K301,HMDC-Crimson-Print,Harvard-MIT Data Center / Center for Government and International Studies,"1737 Cambridge ST, CGIS Knafel, Concourse Computer Lab",TBD,
Harvard Faculty of Arts and Sciences,FAS-HIST-ROBGRADSTDNTLNGE,History-Crimson-Print,History,"Robinson Hall, Graduate Student Lounge",TBD,
Harvard Faculty of Arts and Sciences,FAS-HIST-CGIS-S434-BW,History-Crimson-Print,History,"CGIS Knafel Building, Floor 4, Room S434",TBD,
Harvard Faculty of Arts and Sciences,FAS-HIST-ROBLIBRARY,History-Crimson-Print,History,"Robinson Hall, Floor 1, Across from Office 119",TBD,
Harvard Faculty of Arts and Sciences,FAS-HIST-ROB-1FL-LNGE-C01,History-Crimson-Print,History,"Robinson Hall, Floor 1, Small Lounge (Next to Room118-123)",TBD,
Harvard Faculty of Arts and Sciences,FAS-HAA-SACKLER-4FL-C01,HAA-Crimson-Print,History of Art and Architecture,"Sackler Building, Floor 4",TBD,
Harvard Faculty of Arts and Sciences,SCS-SCIENCECTR-470-C01,DHS-Crimson-Print,History of Science,"Science Center, Floor 4, Room 470",TBD,
Harvard Faculty of Arts and Sciences,FAS-LING-BOYLSTON-310-C01,LINGUISTICS-Crimson Print,Linguistics Department,"Boylston Hall, Floor 3, Linguistics Lab",TBD,
Harvard Faculty of Arts and Sciences,FAS-MUSI-MUSICBLDG-102S-B01,MUSIC-Crimson-Print,Music ,"Music Building, Main Floor, Room 102S",TBD,
Harvard Faculty of Arts and Sciences,FAS-NELC-HMANE-FL1-B01,NELC-Crimson-Print,Near Eastern Languages and Civilizations ,"Harvard Museum of the Ancient Near East (HMANE), Floor 1, Hallway, 2nd door on right",TBD,
Harvard Faculty of Arts and Sciences,FAS-NELC-HMANE-FL1-C01,NELC-Crimson-Print,Near Eastern Languages and Civilizations ,"Harvard Museum of the Ancient Near East (HMANE), Floor 1, Hallway, 2nd door on right",TBD,
Harvard Faculty of Arts and Sciences,FAS-OCS-54Dunster-1FL-B01,OCS-Crimson-Print,Office of Career Services,"54 Dunster St, Floor 1, Office of Career Services",TBD,
Harvard Faculty of Arts and Sciences,FAS-PBH-PBH-103-B01,PBH-Crimson-Print,Phillips Brooks House,"Phillips Brooks House, Floor 1, Randall Room (near 103)",TBD,
Harvard Faculty of Arts and Sciences,FAS-PBH-PBH-306-C01,PBH-Crimson-Print,Phillips Brooks House,"Phillips Brooks House, Floor 3, Room 306",TBD,
Harvard Faculty of Arts and Sciences,FAS-PHIL-FL3-Lounge-B01,Philosophy-Crimson-Print,Philosophy,"Emerson Hall, Floor 3, Lounge",TBD,
Harvard Faculty of Arts and Sciences,SCS-WJH-1301-C02,Psychology-Crimson-Print,Psychology,"William James Hall, Floor 13, Room 1301",TBD,
Harvard Faculty of Arts and Sciences,FAS-SOCI-401C-HP-B01,"Sociology-Crimson-Print
Sociology-Crimson-Print-HP",Sociology,"William James Hall, Floor 4, Room 401C",TBD,
Harvard Faculty of Arts and Sciences,FAS-SOCI-553-C01,"Sociology-Crimson-Print
Sociology-Crimson-Print-HP",,"William James Hall, Floor 5, Room 553",TBD,
Harvard Faculty of Arts and Sciences,FAS-SOCI-676-B01,"Sociology-Crimson-Print
Sociology-Crimson-Print-HP",,"William James Hall, Floor 6, Room 676",TBD,
Harvard Faculty of Arts and Sciences,FAS-SOCI-676-HP-C01,"Sociology-Crimson-Print
Sociology-Crimson-Print-HP",,"William James Hall, Floor 6, Room 676",TBD,
Harvard Faculty of Arts and Sciences,FAS-SAS-1BOW-FL3-KIT-C01,SAS-Crimson-Print,South Asian Studies,"1 Bow St, Floor 3, Kitchen Area",TBD,
Harvard Graduate School of Arts and Sciences,FAS-GSAS-SCC-350-MAIL-C01,GSAS-Crimson-Print,Smith Center,"Smith Center, Floor 3, Room 350",TBD,
Harvard Graduate School of Arts and Sciences,FAS-GSAS-SCC-370-B01,GSAS-Crimson-Print,Smith Center,"Smith Center, Floor 3, Outside room 370",TBD,
Harvard John A. Paulson School of Engineering and Applied Sciences,SEAS-114W-R1210-C01,SEAS-Crimson-Print,"114 Western Ave, Floor 1, Room 1210","114 Western Ave, Floor 1, Room 1210",TBD,
Harvard John A. Paulson School of Engineering and Applied Sciences,SEAS-114W-R2111HW-C01,SEAS-Crimson-Print,"114 Western Ave, Floor 2, Room 2111","114 Western Ave, Floor 2, Room 2111",TBD,
Harvard John A. Paulson School of Engineering and Applied Sciences,SEAS-150W-LL2214,SEAS-Crimson-Print,"150 Western Ave, Lower Level 2, Room 214","150 Western Ave, Lower Level 2, Room 214",TBD,
Harvard John A. Paulson School of Engineering and Applied Sciences,SEAS-150W-LL1235,SEAS-Crimson-Print,"150 Western Ave, Lower Level 1, Room 235","150 Western Ave, Lower Level 1, Room 235",TBD,
Harvard John A. Paulson School of Engineering and Applied Sciences,SEAS-150W-LL1200C2-C01,SEAS-Crimson-Print,"150 Western Ave, Lower Level 1, Room 200.C2","150 Western Ave, Lower Level 1, Room 200.C2",TBD,
Harvard John A. Paulson School of Engineering and Applied Sciences,SEAS-150W-01101-C01,SEAS-Crimson-Print,"150 Western Ave, Floor 1, Room 1.101","150 Western Ave, Floor 1, Room 1.101",TBD,
Harvard John A. Paulson School of Engineering and Applied Sciences,SEAS-150W-012003,SEAS-Crimson-Print,"150 Western Ave, Floor 1, Room 200.3","150 Western Ave, Floor 1, Room 200.3",TBD,
Harvard John A. Paulson School of Engineering and Applied Sciences,SEAS-150W-0131209-C01,SEAS-Crimson-Print,"150 Western Ave, Floor 1, Room 312-09","150 Western Ave, Floor 1, Room 312-09",TBD,
Harvard John A. Paulson School of Engineering and Applied Sciences,SEAS-150W-02111,SEAS-Crimson-Print,"150 Western Ave, Floor 2, Room 111","150 Western Ave, Floor 2, Room 111",TBD,
Harvard John A. Paulson School of Engineering and Applied Sciences,SEAS-150W-02129,SEAS-Crimson-Print,"150 Western Ave, Floor 2, Room 129 (Dean's Suite)","150 Western Ave, Floor 2, Room 129 (Dean's Suite)",TBD,
Harvard John A. Paulson School of Engineering and Applied Sciences,SEAS-150W-02206-C01,SEAS-Crimson-Print,"150 Western Ave, Floor 2, Room 206","150 Western Ave, Floor 2, Room 206",TBD,
Harvard John A. Paulson School of Engineering and Applied Sciences,SEAS-150W-02420,SEAS-Crimson-Print,"150 Western Ave, Floor 2, Room 420","150 Western Ave, Floor 2, Room 420",TBD,
Harvard John A. Paulson School of Engineering and Applied Sciences,SEAS-150W-03207-C01,SEAS-Crimson-Print,"150 Western Ave, Floor 3, Room 207","150 Western Ave, Floor 3, Room 207",TBD,
Harvard John A. Paulson School of Engineering and Applied Sciences,SEAS-150W-03315,SEAS-Crimson-Print,"150 Western Ave, Floor 3, Room 315","150 Western Ave, Floor 3, Room 315",TBD,
Harvard John A. Paulson School of Engineering and Applied Sciences,SEAS-150W-03324-C01,SEAS-Crimson-Print,"150 Western Ave, Floor 3, Room 324","150 Western Ave, Floor 3, Room 324",TBD,
Harvard John A. Paulson School of Engineering and Applied Sciences,SEAS-150W-04200C,SEAS-Crimson-Print,"150 Western Ave, Floor 4, Room 200.C","150 Western Ave, Floor 4, Room 200.C",TBD,
Harvard John A. Paulson School of Engineering and Applied Sciences,SEAS-150W-04422,SEAS-Crimson-Print,"150 Western Ave, Floor 4, Room 422","150 Western Ave, Floor 4, Room 422",TBD,
Harvard John A. Paulson School of Engineering and Applied Sciences,SEAS-150W-05102-C01,SEAS-Crimson-Print,"150 Western Ave, Floor 5, Room 102","150 Western Ave, Floor 5, Room 102",TBD,
Harvard John A. Paulson School of Engineering and Applied Sciences,SEAS-150W-05422,SEAS-Crimson-Print,"150 Western Ave, Floor 5, Room 422","150 Western Ave, Floor 5, Room 422",TBD,
Harvard John A. Paulson School of Engineering and Applied Sciences,SEAS-150W-064001,SEAS-Crimson-Print,"150 Western Ave, Floor 6, Room 400.C1","150 Western Ave, Floor 6, Room 400.C1",TBD,
Harvard John A. Paulson School of Engineering and Applied Sciences,SEAS-150W-5211-C01,SEAS-Crimson-Print,"150 Western Ave, Floor 5, Room 211","150 Western Ave, Floor 5, Room 211",TBD,
Harvard John A. Paulson School of Engineering and Applied Sciences,SEAS-52OX-B147-C01,SEAS-Crimson-Print,"52 Oxford St, Basement, Room 147","52 Oxford St, Basement, Room 147",TBD,
Harvard John A. Paulson School of Engineering and Applied Sciences,SEAS-58OX-ESL-C01,SEAS-Crimson-Print,"58 Oxford St, Floor 3, ESL (right off of the elevator)","58 Oxford St, Floor 3, ESL (right off of the elevator)",TBD,
Harvard John A. Paulson School of Engineering and Applied Sciences,SEAS-GORDON-122-C01,SEAS-Crimson-Print,Gordon McKay Laboratory,"Gordon McKay Laboratory, Floor 1, Room 122 (Hallway)",TBD,
Harvard John A. Paulson School of Engineering and Applied Sciences,SEAS-MD-312-C01,SEAS-Crimson-Print,Maxwell Dworkin Laboratory,"33 Oxford St, Maxwell Dworkin, Floor 3, Room 312",TBD,
Harvard John A. Paulson School of Engineering and Applied Sciences,SEAS-PIERCE-G16-C01,SEAS-Crimson-Print,Pierce Hall,"Pierce Hall, Ground Floor, Room G16",TBD,
Harvard John A. Paulson School of Engineering and Applied Sciences,SEAS-PIERCE-1FL-C01,SEAS-Crimson-Print,Pierce Hall,"Pierce Hall, Floor 1",TBD,
Harvard John A. Paulson School of Engineering and Applied Sciences,SEAS-PIERCE-107G-C01,SEAS-Crimson-Print,Pierce Hall,"Pierce Hall, Floor 1, Room 107G",TBD,
Harvard John A. Paulson School of Engineering and Applied Sciences,SEAS-PIERCE-2FL-BRDG-C01,SEAS-Crimson-Print,Pierce Hall,"Pierce Hall, Floor 2, Bridge",TBD,
Harvard John A. Paulson School of Engineering and Applied Sciences,SEAS-PIERCE-3FL-HLLWY-C01,SEAS-Crimson-Print,Pierce Hall,"Pierce Hall, Floor 3, Hallway",TBD,
Harvard John A. Paulson School of Engineering and Applied Sciences,SEAS-PIERCE-G3E-RICOH,SEAS-Crimson-Print,Pierce Hall,"Pierce Hall, G3E",TBD,
Harvard John A. Paulson School of Engineering and Applied Sciences,SEAS-PIERCECRUFT-2FL-HLWY-C01,SEAS-Crimson-Print,Pierce Hall,"Pierce Hall, Floor 2",TBD,
Harvard Radcliffe Institute for Advanced Study,HRI-ALUMNAEHSE-110-C01,HRI-Crimson-Print,Alumnae House,"Alumnae House, Room 110, Work Room",TBD,
Harvard Radcliffe Institute for Advanced Study,HRI-BYERLY-107-C01,HRI-Crimson-Print,Byerly Hall,"Byerly Hall, Floor 1, Room 107",TBD,
Harvard Radcliffe Institute for Advanced Study,HRI-BYERLY-231-C01,HRI-Crimson-Print,Byerly Hall,"Byerly Hall, Floor 2, Room 231",TBD,
Harvard Radcliffe Institute for Advanced Study,HRI-BYERLY-FL3-HALLWAY-B01,HRI-Crimson-Print,Byerly Hall,"Byerly Hall, Floor 3, Hallway",TBD,
Harvard Radcliffe Institute for Advanced Study,HRI-FAY-020-C01,HRI-Crimson-Print,Fay House,"Fay House, Ground Floor, Room 020",TBD,
Harvard Radcliffe Institute for Advanced Study,HRI-FAY-FL2-C01,HRI-Crimson-Print,Fay House,"Fay House, Floor 2",TBD,
Harvard Radcliffe Institute for Advanced Study,HRI-FAY-200-C01,HRI-Crimson-Print,Fay House,"Fay House, Floor 2, Room 200",TBD,
Harvard Radcliffe Institute for Advanced Study,HRI-FAY-230-C01,HRI-Crimson-Print,Fay House,"Fay House, Floor 2, Room 230",TBD,
Harvard Radcliffe Institute for Advanced Study,HRI-FAY-FL3-HALLWAY-B01,HRI-Crimson-Print,Fay House,"Fay House, Floor 3, Hallway",TBD,
Harvard Radcliffe Institute for Advanced Study,HRI-FAY-300-C01,HRI-Crimson-Print,Fay House,"Fay House, Floor 3, Room 300",TBD,
Harvard Radcliffe Institute for Advanced Study,HRI-KNAFELCTR-102-B01,HRI-Crimson-Print,Knafel Center,"Knafel Center, Floor 1, Room 102",TBD,
Harvard Radcliffe Institute for Advanced Study,HRI-PUTNAM-108-C01,HRI-Crimson-Print,Putnam House,"Putnam House, Floor 1, Room 108",TBD,
Harvard Radcliffe Institute for Advanced Study,HRI-PUTNAM-208-B01,HRI-Crimson-Print,Putnam House,"Putnam House, Floor 2, Near Room 208",TBD,
Harvard Radcliffe Institute for Advanced Study,HRI-SCHL40-205-B01,HRI-Crimson-Print,Schlesinger Library,"40 Concord Ave, Floor 2, Outside Room 205",TBD,
Harvard Radcliffe Institute for Advanced Study,HRI-SCHLIB-FL3-B01,HRI-Crimson-Print,Schlesinger Library,"Schlesinger Library, Floor 3, Front Entrance Hallway",TBD,
Harvard Radcliffe Institute for Advanced Study,HRI-SCHLIB-FL4-C01,HRI-Crimson-Print,Schlesinger Library,"Schlesinger Library, Floor 4, Back Exit Hallway",TBD,
Harvard Radcliffe Institute for Advanced Study,HRI-SCHLIB-MAIL-B01,HRI-Crimson-Print,Schlesinger Library,"Schlesinger Library, Floor 1, Mailroom",TBD,
Harvard Radcliffe Institute for Advanced Study,HRI-WALLACH-108-B01,HRI-Crimson-Print,Wallach House,"Wallach House, Floor 1, Room 108",TBD,
Harvard Radcliffe Institute for Advanced Study,HRI-WALLACH-208-C01,HRI-Crimson-Print,Wallach House,"Wallach House, Floor 2, Room 208",TBD,
Harvard Student Agencies,HSA-67MTAUBURN-304-B01,HSA-Crimson-Print,67 Mt Auburn,"67 Mt Auburn St, Floor 3, Room 304 (Groupgear Room)",TBD,
Harvard Student Agencies,HSA-67MTAUBURN-FL2-COPY-B01,HSA-Crimson-Print,67 Mt Auburn,"67 Mt Auburn St, Floor 2, Copy Room",TBD,
Harvard T.H. Chan School of Public Health,HSPH-158LONG-FL1-C01,HSPH-Crimson-Print,158 Longwood Ave,"158 Longwood Ave, Floor 1",TBD,
Harvard T.H. Chan School of Public Health,HSPH-22PLYMPTONST-108-B01,HSPH-Crimson-Print,22 Plympton St,"22 Plympton St, Floor 1, Room 108 (flex space)",TBD,
Harvard T.H. Chan School of Public Health,HSPH-718HUNT-FL2-C01,HSPH-Crimson-Print,718 Huntington Avenue,"718 Huntington Ave, Floor 2",TBD,
Harvard T.H. Chan School of Public Health,HSPH-9BOWST-B2-B01,HSPH-Crimson-Print,9 Bow St,"9 Bow St, Basement, Room B2",TBD,
Harvard T.H. Chan School of Public Health,HSPH-9BOWST-310-B01,HSPH-Crimson-Print,9 Bow St,"9 Bow St, Floor 3, Room 310 (Closet)",TBD,
Harvard T.H. Chan School of Public Health,HSPH-BLDG1-209A-C01,HSPH-Crimson-Print,Building 1,"Building 1, Floor 2, Room 209",TBD,
Harvard T.H. Chan School of Public Health,HSPH-BLDG1-304-C01,HSPH-Crimson-Print,Building 1,"Building 1, Floor 3, Room 304",TBD,
Harvard T.H. Chan School of Public Health,SPH-BLDG1-405-C01,HSPH-Crimson-Print,Building 1,"Building 1, Floor 4, Room 405",TBD,
Harvard T.H. Chan School of Public Health,HSPH-BLDG1-515-C01,HSPH-Crimson-Print,Building 1,"Building 1, Floor 5, Room 515",TBD,
Harvard T.H. Chan School of Public Health,HSPH-BLDG1-617-C01,HSPH-Crimson-Print,Building 1,"Building 1, Floor 6, Room 617",TBD,
Harvard T.H. Chan School of Public Health,HSPH-BLDG1-717-C01,HSPH-Crimson-Print,Building 1,"Building 1, Floor 7, Room 717",TBD,
Harvard T.H. Chan School of Public Health,HSPH-BLDG1-815-C01,HSPH-Crimson-Print,Building 1,"Building 1, Floor 8, Room 815",TBD,
Harvard T.H. Chan School of Public Health,HSPH-BLDG1-911-C01,HSPH-Crimson-Print,Building 1,"Building 1, Floor 9, Room 911",TBD,
Harvard T.H. Chan School of Public Health,HSPH-BLDG1-1119-C01,HSPH-Crimson-Print,Building 1,"Building 1, Floor 11, Room 1119",TBD,
Harvard T.H. Chan School of Public Health,HSPH-BLDG1-1310-C01,HSPH-Crimson-Print,Building 1,"Building 1, Floor 13, Room 1310",TBD,
Harvard T.H. Chan School of Public Health,HSPH-BLDG1-1402-B01,HSPH-Crimson-Print,Building 1,"Building 1, Floor 14, Room 1402",TBD,
Harvard T.H. Chan School of Public Health,HSPH-BLDG1-1408B-B01,HSPH-Crimson-Print,Building 1,"Building 1, Floor 14, Room 1408B",TBD,
Harvard T.H. Chan School of Public Health,HSPH-BLDG2-104-C01,HSPH-Crimson-Print,Building 2,"Building 2, Floor 1, Room 104",TBD,
Harvard T.H. Chan School of Public Health,HSPH-BLDG2-222-C01,HSPH-Crimson-Print,Building 2,"Building 2, Floor 2, Room 222",TBD,
Harvard T.H. Chan School of Public Health,SPH-BLDG2-306-C01,HSPH-Crimson-Print,Building 2,"Building 2, Floor 3, Room 306",TBD,
Harvard T.H. Chan School of Public Health,HSPH-BLDG2-306-C02,HSPH-Crimson-Print,Building 2,"Building 2, Floor 3, Room 306",TBD,
Harvard T.H. Chan School of Public Health,HSPH-BLDG2-408-B01,HSPH-Crimson-Print,Building 2,"Building 2, Floor 4, Room 408",TBD,
Harvard T.H. Chan School of Public Health,SPH-BLDG2-HW435-B01,HSPH-Crimson-Print,Building 2,"Building 2, Floor 4, Outside Room 435 (Hallway)",TBD,
Harvard T.H. Chan School of Public Health,HSPH-FXB-B02-B01,HSPH-Crimson-Print,FXB Center,"FXB Center, Basement, Room B02",TBD,
Harvard T.H. Chan School of Public Health,HSPH-FXB-Security-Desk-B01,HSPH-Crimson-Print,FXB Center,"FXB Center, Floor 1, Security Desk",TBD,
Harvard T.H. Chan School of Public Health,HSPH-FXB-FL2-KITCHEN-CO1,HSPH-Crimson-Print,FXB Center,"FXB Center, Floor 2, Kitchen",TBD,
Harvard T.H. Chan School of Public Health,HSPH-FXB-304-C01,HSPH-Crimson-Print,FXB Center,"FXB Center, Floor 3, Room 304",TBD,
Harvard T.H. Chan School of Public Health,HSPH-FXB-403-C01,HSPH-Crimson-Print,FXB Center,"FXB Center, Floor 4, Room 403",TBD,
Harvard T.H. Chan School of Public Health,HSPH-FXB-643WS5-C01,HSPH-Crimson-Print,FXB Center,"FXB Center, Floor 6, Room 643WS5",TBD,
Harvard T.H. Chan School of Public Health,HSPH-FXB-709A-C01,HSPH-Crimson-Print,FXB Center,"FXB Center, Floor 7, Room 709A",TBD,
Harvard T.H. Chan School of Public Health,SPH-KRESGE-LL15-C01,HSPH-Crimson-Print,Kresge Building,"Kresge Building, Lower Level, Room LL15",TBD,
Harvard T.H. Chan School of Public Health,HSPH-KRESGE-LL19J-C01,HSPH-Crimson-Print,Kresge Building,"Kresge Building, Lower Level, Room LL19",TBD,
Harvard T.H. Chan School of Public Health,HSPH-KRESGE-G10-C01,HSPH-Crimson-Print,Kresge Building,"Kresge Building, Ground Level, Room G10",TBD,
Harvard T.H. Chan School of Public Health,HSPH-KRESGE-G29D-C01,HSPH-Crimson-Print,Kresge Building,"Kresge Building, Ground Level, Room G29D",TBD,
Harvard T.H. Chan School of Public Health,HSPH-KRESGE-G4-G52H-C01,HSPH-Crimson-Print,Kresge Building,"Kresge Building, Ground Level, G4 Suite, Room G52H",TBD,
Harvard T.H. Chan School of Public Health,HSPH-KRESGE-121-C01,HSPH-Crimson-Print,Kresge Building,"Kresge Building, Floor 1, Room 121",TBD,
Harvard T.H. Chan School of Public Health,HSPH-KRESGE-329-C01,HSPH-Crimson-Print,Kresge Building,"Kresge Building, Floor 3, Room 329",TBD,
Harvard T.H. Chan School of Public Health,HSPH-KRESGE-333-C01,HSPH-Crimson-Print,Kresge Building,"Kresge Building, Floor 3, Room 333",TBD,
Harvard T.H. Chan School of Public Health,HSPH-KRESGE-425-C01,HSPH-Crimson-Print,Kresge Building,"Kresge Building, Floor 4, Room 425",TBD,
Harvard T.H. Chan School of Public Health,HSPH-KRESGE-506C-C01,HSPH-Crimson-Print,Kresge Building,"Kresge Building, Floor 5, Room 506C",TBD,
Harvard T.H. Chan School of Public Health,HSPH-KRESGE-609-B01,HSPH-Crimson-Print,Kresge Building,"Kresge Building, Floor 6, Room 609",TBD,
Harvard T.H. Chan School of Public Health,HSPH-KRESGE-721-C01,HSPH-Crimson-Print,Kresge Building,"Kresge Building, Floor 7, Room 721 (kitchen)",TBD,
Harvard T.H. Chan School of Public Health,HSPH-KRESGE-820A-C01,HSPH-Crimson-Print,Kresge Building,"Kresge Building, Floor 8, Room 820A",TBD,
Harvard T.H. Chan School of Public Health,HSPH-KRESGE-909-C01,HSPH-Crimson-Print,Kresge Building,"Kresge Building, Floor 9, Room 909",TBD,
Harvard T.H. Chan School of Public Health,HSPH-KRESGE-FL10-HALLWAY-C01,HSPH-Crimson-Print,Kresge Building,"Kresge Building, Floor 10, Hallway",TBD,
Harvard T.H. Chan School of Public Health,HSPH-KRESGE-1001-C01,HSPH-Crimson-Print,Kresge Building,"Kresge Building, Floor 10, Room 1001",TBD,
Harvard T.H. Chan School of Public Health,HSPH-KRESGE-1005-C01,HSPH-Crimson-Print,Kresge Building,"Kresge Building, Floor 10, Room 1005",TBD,
Harvard T.H. Chan School of Public Health,HSPH-KRESGE-1007-C01,HSPH-Crimson-Print,Kresge Building,"Kresge Building, Floor 10, Room 1007",TBD,
Harvard T.H. Chan School of Public Health,HSPH-Landmark-HWL3-C20-C01,HSPH-Crimson-Print,Landmark Center,"Landmark Center, Floor 3, Room L3-C20 (Corridor)",TBD,
Harvard T.H. Chan School of Public Health,HSPH-Landmark-L3-099-C01,HSPH-Crimson-Print,Landmark Center,"Landmark Center, Floor 3, Room L3-099",TBD,
Harvard T.H. Chan School of Public Health,HSPH-Landmark-L3-111-C01,HSPH-Crimson-Print,Landmark Center,"Landmark Center, Floor 3, Room L3-111",TBD,
Harvard T.H. Chan School of Public Health,HSPH-LANDMARK-405-C01,HSPH-Crimson-Print,Landmark Center,"Landmark Center, Floor 4, Room 405 (mailroom)",TBD,
