GROUP,PRINTER NAME,QUEUE NAME,LOCATION,MANAGED,SUPPLY CONTACT,TONER ALERT STATUS
Central Administration (CADM),CADM-NIEMAN-1FRANCISAVE-009-B01,CADM-Crimson-Print,"1 Francis Ave, Basement, Room 009",1 Francis Ave,TBD,
Central Administration (CADM),CADM-NIEMAN-1FRANCISAVE-214-C01,CADM-Crimson-Print,"1 Francis Ave, Floor 2, Room 214",1 Francis Ave,TBD,
Central Administration (CADM),CADM-EU-SC-BSMT-C01,CADM-Crimson-Print,"1 Oxford St, Basement, Outside of E&U Office",1 Oxford St (Science Center),TBD,
Central Administration (CADM),SCS-SCIENCECTR-B14-C01,CADM-Crimson-Print,"1 Oxford St, Basement, Room B14",1 Oxford St (Science Center),TBD,
Central Administration (CADM),SCS-SCIENCECTR-B14-C02,CADM-Crimson-Print,"1 Oxford St, Basement, Room B14",1 Oxford St (Science Center),TBD,
Central Administration (CADM),FAS-ESS-SC-B02-C01,CADM-Crimson-Print,"1 Oxford St, Basement, Room B02",1 Oxford St (Science Center),TBD,
Central Administration (CADM),CADM-HL-1000MA-222-C01,CADM-Crimson-Print,"1000 Mass Ave, Floor 2, Room 222",1000 Massachusetts Ave,TBD,
Central Administration (CADM),CADM-HL-1000MA-249-C01,CADM-Crimson-Print,"1000 Mass Ave, Floor 2, Room 249",1000 Massachusetts Ave,TBD,
Central Administration (CADM),CADM-HL-1000MA-259-C01,CADM-Crimson-Print,"1000 Mass Ave, Floor 2, Room 259",1000 Massachusetts Ave,TBD,
Central Administration (CADM),CADM-GHELI-104MTA-317-C01,CADM-Crimson-Print,"104 Mount Auburn St, Floor 3, Room 317",104 Mount Auburn St,TBD,
Central Administration (CADM),CADM-OPP-MASSHALL-FL1-MAIL,CADM-Crimson-Print,"Massachusetts Hall, Floor 1, Mail Room",11 Harvard Yard (Massachusetts Hall),TBD,
Central Administration (CADM),CADM-OPP-MASSHALL-FL1-RECPTN,CADM-Crimson-Print,"Massachusetts Hall, Floor 1, Reception",11 Harvard Yard (Massachusetts Hall),TBD,
Central Administration (CADM),CADM-OPP-MASSHALL-FL2,CADM-Crimson-Print,"Massachusetts Hall, Floor 2, Hallway",11 Harvard Yard (Massachusetts Hall),TBD,
Central Administration (CADM),CADM-OPP-MASSHALL-FL3,CADM-Crimson-Print,"Massachusetts Hall, Floor 3, Copy Area",11 Harvard Yard (Massachusetts Hall),TBD,
Central Administration (CADM),CADM-VPAL-114MTA-321-C01,CADM-Crimson-Print,"114 Mount Auburn St, Floor 3, Room 321",114 Mount Auburn St,TBD,
Central Administration (CADM),CADM-FAD-114MTA-437-C01,CADM-Crimson-Print,"114 Mount Auburn St, Floor 4, Near 437",114 Mount Auburn St,TBD,
Central Administration (CADM),CADM-FAD-114MTA-444-C01,CADM-Crimson-Print,"114 Mount Auburn St, Floor 4, Near 444",114 Mount Auburn St,TBD,
Central Administration (CADM),CADM-HPAC-114MTA-537-C01,CADM-Crimson-Print,"114 Mount Auburn St, Floor 5, Room 537 (mail room)",114 Mount Auburn St,TBD,
Central Administration (CADM),CADM-GSS-114MTA-547-C01,CADM-Crimson-Print,"114 Mount Auburn St, Floor 5, Room 547",114 Mount Auburn St,TBD,
Central Administration (CADM),CADM-HPAC-114MTA-629-C01,CADM-Crimson-Print,"114 Mount Auburn St, Floor 6, Room 629",114 Mount Auburn St,TBD,
Central Administration (CADM),CADM-HALC-114WESTERNAVE-3216-C01,CADM-Crimson-Print,"114 Western Ave, Floor 3, Room 3216",114 Western Ave,TBD,
Central Administration (CADM),CADM-CS-114WESTERNAVE-3500-C01,CADM-Crimson-Print,"114 Western Ave, Floor 3, Room 3500",114 Western Ave,TBD,
Central Administration (CADM),CADM-HDSI-114WESTERNAVE-3500-C01,CADM-Crimson-Print,"114 Western Ave, Floor 3, Suite 3500, Outside Office 3122",114 Western Ave,TBD,
Central Administration (CADM),CADM-CS-12WESTERNAVE-FL3-C01,CADM-Crimson-Print,"12 Western Ave, Floor 3",12 Western Ave,TBD,
Central Administration (CADM),CADM-HHR-124MTA-3303-C01,CADM-Crimson-Print,"124 Mount Auburn St, Floor 3, Room 3303",124 Mount Auburn St,TBD,
Central Administration (CADM),CADM-HHR-124MTA-3337-C01,CADM-Crimson-Print,"124 Mount Auburn St, Floor 3, Room 3337 (Copy Room)",124 Mount Auburn St,TBD,
Central Administration (CADM),CADM-HHR-124MTA-3379-C01,CADM-Crimson-Print,"124 Mount Auburn St, Floor 3, Room 3379 (Copy Room)",124 Mount Auburn St,TBD,
Central Administration (CADM),CADM-AAD-124MTA-345-C01,CADM-Crimson-Print,"124 Mount Auburn St, Floor 3, Near Room 345 (By Stairwell)",124 Mount Auburn St,TBD,
Central Administration (CADM),CADM-AAD-124MTA-418S-C01,CADM-Crimson-Print,"124 Mount Auburn St, Floor 4, Room 418S",124 Mount Auburn St,TBD,
Central Administration (CADM),CADM-AAD-124MTA-419-C01,CADM-Crimson-Print,"124 Mount Auburn St, Floor 4, Room 419",124 Mount Auburn St,TBD,
Central Administration (CADM),CADM-FAD-124MTA-430S-C01,CADM-Crimson-Print,"124 Mount Auburn St, Floor 4, Room 430S",124 Mount Auburn St,TBD,
Central Administration (CADM),CADM-AAD-124MTA-444-C01,CADM-Crimson-Print,"124 Mount Auburn St, Floor 4, Room 444",124 Mount Auburn St,TBD,
Central Administration (CADM),CADM-HHR-124MTA-4451C-C01,CADM-Crimson-Print,"124 Mount Auburn St, Floor 4, Benefits Office, Closet 4451C",124 Mount Auburn St,TBD,
Central Administration (CADM),CADM-HHR-124MTA-460-C01,CADM-Crimson-Print,"124 Mount Auburn St, Floor 4, Room 460",124 Mount Auburn St,TBD,
Central Administration (CADM),CADM-AAD-124MTA-478-C01,CADM-Crimson-Print,"124 Mount Auburn St, Floor 4, Room 478",124 Mount Auburn St,TBD,
Central Administration (CADM),CADM-AAD-124MTA-532-C01,CADM-Crimson-Print,"124 Mount Auburn St, Floor 5, Room 532",124 Mount Auburn St,TBD,
Central Administration (CADM),CADM-AAD-124MTA-560-C01,CADM-Crimson-Print,"124 Mount Auburn St, Floor 5, Room 560",124 Mount Auburn St,TBD,
Central Administration (CADM),CADM-AAD-124MTA-602-C01,CADM-Crimson-Print,"124 Mount Auburn St, Floor 6, Room 602",124 Mount Auburn St,TBD,
Central Administration (CADM),CADM-AAD-124MTA-611-C01,CADM-Crimson-Print,"124 Mount Auburn St, Floor 6, Room 611",124 Mount Auburn St,TBD,
Central Administration (CADM),CADM-CP-1350MA-540-C01,CADM-Crimson-Print,"Smith Campus Center, Floor 5, Room 540",1350 Massachusetts Ave (Smith Campus Center),TBD,
Central Administration (CADM),CADM-HUPAD-1350MA-560-C01,CADM-Crimson-Print,"Smith Campus Center, Floor 5, Room 560",1350 Massachusetts Ave (Smith Campus Center),TBD,
Central Administration (CADM),CADM-HUPAD-1350MA-572-C01,CADM-Crimson-Print,"Smith Campus Center, Floor 5, Room 572",1350 Massachusetts Ave (Smith Campus Center),TBD,
Central Administration (CADM),CADM-OGE-1350MA-624-C01,CADM-Crimson-Print,"Smith Campus Center, Floor 6, Room 624",1350 Massachusetts Ave (Smith Campus Center),TBD,
Central Administration (CADM),CADM-UDR-1350MA-662-C01,CADM-Crimson-Print,"Smith Campus Center, Floor 6, Room 662",1350 Massachusetts Ave (Smith Campus Center),TBD,
Central Administration (CADM),CADM-OPP-1350MA-669-C01,CADM-Crimson-Print,"Smith Campus Center, Floor 6, Room 669",1350 Massachusetts Ave (Smith Campus Center),TBD,
Central Administration (CADM),CADM-OTD-1350MA-708-C01,CADM-Crimson-Print,"Smith Campus Center, Floor 7, Room 708",1350 Massachusetts Ave (Smith Campus Center),TBD,
Central Administration (CADM),CADM-CP-1350MA-734ADJACENT-C01,CADM-Crimson-Print,"Smith Campus Center, Floor 7, Room 734 Adjacent",1350 Massachusetts Ave (Smith Campus Center),TBD,
Central Administration (CADM),CADM-HUIT-1350MA-751-C01,CADM-Crimson-Print,"Smith Campus Center, Floor 7, Room 751",1350 Massachusetts Ave (Smith Campus Center),TBD,
Central Administration (CADM),CADM-CP-1350MA-765AADJACENT-C01,CADM-Crimson-Print,"Smith Campus Center, Floor 7, Adjacent to Room 765",1350 Massachusetts Ave (Smith Campus Center),TBD,
Central Administration (CADM),CADM-CS-1350MA-800-B01,CADM-Crimson-Print,"Smith Campus Center, Floor 8, Room 800",1350 Massachusetts Ave (Smith Campus Center),TBD,
Central Administration (CADM),CADM-CS-1350MA-800-C01,CADM-Crimson-Print,"Smith Campus Center, Floor 8, Room 800",1350 Massachusetts Ave (Smith Campus Center),TBD,
Central Administration (CADM),CADM-FAD-1350MA-801-B01,CADM-Crimson-Print,"Smith Campus Center, Floor 8, Room 801",1350 Massachusetts Ave (Smith Campus Center),TBD,
Central Administration (CADM),CADM-CS-1350MA-807-C01*,CADM-Crimson-Print,"Smith Campus Center, Floor 8, Room 807 (restricted access)",1350 Massachusetts Ave (Smith Campus Center),TBD,
Central Administration (CADM),CADM-CS-1350MA-807-C02*,CADM-Crimson-Print,"Smith Campus Center, Floor 8, Room 807 (restricted access)",1350 Massachusetts Ave (Smith Campus Center),TBD,
Central Administration (CADM),CADM-CP-1350MA-831ADJACENT-C01,CADM-Crimson-Print,"Smith Campus Center, Floor 8, Room 831 Adjacent",1350 Massachusetts Ave (Smith Campus Center),TBD,
Central Administration (CADM),CADM-OPP-1350MA-842-C01,CADM-Crimson-Print,"Smith Campus Center, Floor 8, Room 842",1350 Massachusetts Ave (Smith Campus Center),TBD,
Central Administration (CADM),CADM-CS-1350MA-847-B01,CADM-Crimson-Print,"Smith Campus Center, Floor 8, Room 847",1350 Massachusetts Ave (Smith Campus Center),TBD,
Central Administration (CADM),CADM-CS-1350MA-862-B01,CADM-Crimson-Print,"Smith Campus Center, Floor 8, Room 862",1350 Massachusetts Ave (Smith Campus Center),TBD,
Central Administration (CADM),CADM-CS-1350MA-862-C01,CADM-Crimson-Print,"Smith Campus Center, Floor 8, Room 862",1350 Massachusetts Ave (Smith Campus Center),TBD,
Central Administration (CADM),CADM-CS-1350MA-864-B01,CADM-Crimson-Print,"Smith Campus Center, Floor 8, Room 864",1350 Massachusetts Ave (Smith Campus Center),TBD,
Central Administration (CADM),CADM-DIB-1350MA-901A-C01,CADM-Crimson-Print,"Smith Campus Center, Floor 9, Room 901A",1350 Massachusetts Ave (Smith Campus Center),TBD,
Central Administration (CADM),CADM-OGE-1350MA-912-C01,CADM-Crimson-Print,"Smith Campus Center, Floor 9, Room 912 (Copy Room)",1350 Massachusetts Ave (Smith Campus Center),TBD,
Central Administration (CADM),CADM-ODR-1350MA-924-C01,CADM-Crimson-Print,"Smith Campus Center, Floor 9, Room 924 (Copy Room)",1350 Massachusetts Ave (Smith Campus Center),TBD,
Central Administration (CADM),CADM-CP-1350MA-933ADJACENT-C01,CADM-Crimson-Print,"Smith Campus Center, Floor 9, Adjacent to Room 933",1350 Massachusetts Ave (Smith Campus Center),TBD,
Central Administration (CADM),CADM-OGC-1350MA-980A-C01,CADM-Crimson-Print,"Smith Campus Center, OGC, Floor 9, Room 980A",1350 Massachusetts Ave (Smith Campus Center),TBD,
Central Administration (CADM),CADM-CS-58PLYMPTON-BSMT-C01,CADM-Crimson-Print,"58 Plympton St, Basement (FMO River Shop)",58 Plympton St.,TBD,
Central Administration (CADM),CADM-CS-14STORY-324A-C01,CADM-Crimson-Print,"14 Story St, Floor 3, Room 324A",14 Story St,TBD,
Central Administration (CADM),CADM-II-14STORY-407-C01,CADM-Crimson-Print,"14 Story St, Floor 4, Near room 407",14 Story St,TBD,
Central Administration (CADM),FAS-AF-1414MA-FL4-C01,CADM-Crimson-Print,"1414 Massachusetts Ave, Floor 1, Room 443, Mailroom",1414 Massachusetts Ave,TBD,
Central Administration (CADM),FAS-AF-1414MA-FL5-C01,CADM-Crimson-Print,"1414 Massachusetts Ave, Floor 5, Mailroom",1414 Massachusetts Ave,TBD,
Central Administration (CADM),CADM-HUIT-1414MA-243-C01,CADM-Crimson-Print,"1414 Mass Ave, Floor 2, Room 243",1414 Massachusetts Ave,TBD,
Central Administration (CADM),CADM-HUIT-1430MA-203-C01,CADM-Crimson-Print,"1430 Mass Ave, Floor 2, Room 203",1430 Massachusetts Ave,TBD,
Central Administration (CADM),CADM-OGB-LOEB-217-C01,CADM-Crimson-Print,"Loeb House, Floor 2, Room 217",17 Quincy St (Loeb House),TBD,
Central Administration (CADM),CADM-HAM-1746-FLR1-C01,CADM-Crimson-Print,"1746 Cambridge St, Floor 1, Room 104",1746 Cambridge St,TBD,
Central Administration (CADM),CADM-CS-FACULTYCLUB-BSMT-005-C01,CADM-Crimson-Print,"20 Quincy St, Basement, Room 005",20 Quincy St,TBD,
Central Administration (CADM),CADM-CS-20QUINCYST-011-C01,CADM-Crimson-Print,"20 Quincy St, Room 011",20 Quincy St,TBD,
Central Administration (CADM),CADM-OPP-FACULTYCLUB-312-C01,CADM-Crimson-Print,"20 Quincy St, Floor 3, Room 312",20 Quincy St,TBD,
Central Administration (CADM),CADM-HAM-SOMERVILLE-228-C01,CADM-Crimson-Print,"200 Innerbelt Rd, Floor 2, Room 228",200 Innerbelt Rd,TBD,
Central Administration (CADM),CADM-HAM-SOMERVILLE-254-C01,CADM-Crimson-Print,"200 Innerbelt Rd, Floor 2, Room 254",200 Innerbelt Rd,TBD,
Central Administration (CADM),CADM-CS-28TRAVIS-002-C01,CADM-Crimson-Print,"28 Travis St, Floor 1, Hallway near Transportation",28 Travis St,TBD,
Central Administration (CADM),CADM-CS-28TRAVIS-010-C01,CADM-Crimson-Print,"28 Travis St, Floor 1, Room 010 Mailroom",28 Travis St,TBD,
Central Administration (CADM),CADM-CS-28TRAVIS-084-C01,CADM-Crimson-Print,"28 Travis St, Room 084",28 Travis St,TBD,
Central Administration (CADM),CADM-HUIT-28TRAVIS-FL1-C01,CADM-Crimson-Print,"28 Travis St, Floor 1",28 Travis St,TBD,
Central Administration (CADM),SEAS-PIERCE-1FL-C01,CADM-Crimson-Print,"Pierce Hall, Floor 1, Hallway",29 Oxford St (Pierce Hall)/26 Oxford St (The Ernst Mayr Library),TBD,
Central Administration (CADM),CADM-HGHI-42CHURCH-213-C01,CADM-Crimson-Print,"42 Church St, Floor 2, Outside Room 213",42 Church St,TBD,
Central Administration (CADM),CADM-CS-46BLKSTNSTH-008H-C01,CADM-Crimson-Print,"46 Blackstone St, Basement South, Room 008H",46 Blackstone St,TBD,
Central Administration (CADM),CADM-CS-46BLKSTNSTH-017A-B01,CADM-Crimson-Print,"46 Blackstone St, Basement South, Room 017A",46 Blackstone St,TBD,
Central Administration (CADM),CADM-CS-46BLKSTNNRTH-119A-C01,CADM-Crimson-Print,"46 Blackstone St, Floor 1 North, Room 119A (Copy Area)",46 Blackstone St,TBD,
Central Administration (CADM),CADM-CS-46BLKSTNSTH-203-C01,CADM-Crimson-Print,"46 Blackstone St, Floor 2 South, Room 203",46 Blackstone St,TBD,
Central Administration (CADM),CADM-CS-46BLKSTNNRTH-219-C01,CADM-Crimson-Print,"46 Blackstone St, Floor 2 North, Room 219 (Copy Area)",46 Blackstone St,TBD,
Central Administration (CADM),CADM-CS-46BLKSTNSTH-300-C01,CADM-Crimson-Print,"46 Blackstone St, Floor 3 South, Corridor 300",46 Blackstone St,TBD,
Central Administration (CADM),CADM-MBB-NWL-180-C01,CADM-Crimson-Print,"52 Oxford St, Floor 1, Room 180",52 Oxford St (Northwest Building/Labs),TBD,
Central Administration (CADM),CADM-ART-LOEB-204-C01,CADM-Crimson-Print,"Loeb Drama Center, Floor 2, Room 204",64 Brattle St (Loeb Drama Center),TBD,
Central Administration (CADM),CADM-ART-LOEB-206-C01,CADM-Crimson-Print,"Loeb Drama Center, Floor 2, Room 205/206",64 Brattle St (Loeb Drama Center),TBD,
Central Administration (CADM),CADM-CS-65WNTHRP-106-C01,CADM-Crimson-Print,"65 Winthrop St, Floor 1, Room 106",65 Winthrop St,TBD,
Central Administration (CADM),CADM-CS-65WNTHRP-201B-C01,CADM-Crimson-Print,"65 Winthrop St, Floor 2, Room 201B",65 Winthrop St,TBD,
Central Administration (CADM),CADM-CS-65WNTHRP-305-C01,CADM-Crimson-Print,"65 Winthrop St, Floor 3, Copy Area",65 Winthrop St,TBD,
Central Administration (CADM),CADM-HUIT-65RMTA-FL1-C01,CADM-Crimson-Print,"65R Mount Auburn St, Floor 1",65R Mount Auburn St,TBD,
Central Administration (CADM),CADM-HUIT-784-S348-C01,CADM-Crimson-Print,"784 Memorial Dr, Floor 3 South, Room S348",784 Memorial Dr,TBD,
Central Administration (CADM),CADM-HUP-79GARDEN-103-C01,CADM-Crimson-Print,"79 Garden St, Floor 1, Room 103",79 Garden St,TBD,
Central Administration (CADM),CADM-HUP-79GARDEN-201-C01,CADM-Crimson-Print,"79 Garden St, Floor 2, Room 201",79 Garden St,TBD,
Central Administration (CADM),CADM-HUP-79GARDEN-G12-C01,CADM-Crimson-Print,"79 Garden St, Ground Floor, Room G12",79 Garden St,TBD,
Central Administration (CADM),CADM-SALATA-BELFER-401-C01,CADM-Crimson-Print,"Belfer Center, Floor 4, Room 401",79 John F. Kennedy St (Belfer Center),TBD,
Central Administration (CADM),CADM-SALATA-BELFER-504-C01,CADM-Crimson-Print,"Belfer Center, Floor 5, Room 504",79 John F. Kennedy St (Belfer Center),TBD,
Central Administration (CADM),CADM-SALATA-BELFER-509-C01,CADM-Crimson-Print,"Belfer Center, Floor 5, Room 509",79 John F. Kennedy St (Belfer Center),TBD,
Central Administration (CADM),CADM-HUIT-8STORY-B30-C01,CADM-Crimson-Print,"8 Story St, Basement, Suite B30",8 Story St,TBD,
Central Administration (CADM),CADM-HUIT-8STORY-270-C01,CADM-Crimson-Print,"8 Story St, Floor 2, Suite 270",8 Story St,TBD,
Central Administration (CADM),CADM-CS-8STORY-300-C01,CADM-Crimson-Print,"8 Story St, Floor 3, Suite 300 (Hallway)",8 Story St,TBD,
Central Administration (CADM),CADM-IIHP-8STORY-380-C01,CADM-Crimson-Print,"8 Story St, Floor 3, Suite 380",8 Story St,TBD,
Central Administration (CADM),CADM-HUIT-8STORY-470-C01,CADM-Crimson-Print,"8 Story St, Floor 4, Suite 470",8 Story St,TBD,
Central Administration (CADM),CADM-HUIT-8STORY-500-C01,CADM-Crimson-Print,"8 Story St, Floor 5, Suite 500",8 Story St,TBD,
Central Administration (CADM),CADM-HUIT-8STORY-570-C01,CADM-Crimson-Print,"8 Story St, Floor 5, Suite 570",8 Story St,TBD,
Central Administration (CADM),CADM-HL-CABOT-LL18-C01,CADM-Crimson-Print,"Science Center, Cabot Library, Lower Level, Room LL18",Cabot Library,TBD,
Central Administration (CADM),CADM-HL-LAMONT-B10-B01,CADM-Crimson-Print,"Lamont Library, Basement, Room B10",Lamont Library,TBD,
Central Administration (CADM),CADM-MEMCHURCH-G045-C01,CADM-Crimson-Print,"Memorial Church, Ground Floor, Room 045",Memorial Church,TBD,
Central Administration (CADM),CADM-HL-PUSEY-LL2-ARCHIVES-C01,CADM-Crimson-Print,"Pusey Library, Lower Level 2 (P2), Archives",Pusey Library,TBD,
Central Administration (CADM),CADM-HL-PUSEY-LL1-ARCHIVES-C01,CADM-Crimson-Print,"Pusey Library, Lower Level 1 (P1), Archives",Pusey Library,TBD,
Central Administration (CADM),CADM-HL-WIDENER-G10-C01,CADM-Crimson-Print,"Widener Library, Ground Floor, Room G10",Widener Library,TBD,
Central Administration (CADM),CADM-HL-WIDENER-120-C01,CADM-Crimson-Print,"Widener Library, Floor 1, Room 120",Widener Library,TBD,
Central Administration (CADM),HCL-WIDENER-180-C01,CADM-Crimson-Print,"Widener Library, Floor 1, Room 180",Widener Library,TBD,
Central Administration (CADM),CADM-HL-YENCHING-B11-C01,CADM-Crimson-Print,"Yenching Library, Basement, Room B11",Yenching Library,TBD,
Central Administration (CADM),CADM-HL-YENCHING-CIRCULATION-C02,CADM-Crimson-Print,"Yenching Library, Circulation Desk",Yenching Library,TBD,
Central Administration (CADM),CADM-HAM-32QUINCY-A500-C01,CADM-Crimson-Print,"32 Quincy St, B1, Room A500",32 Quincy St (Harvard Art Museums),TBD,
Central Administration (CADM),CADM-HAM-32QUINCY-440-C01,CADM-Crimson-Print,"32 Quincy St, Lower Level, Room 440",32 Quincy St (Harvard Art Museums),TBD,
Central Administration (CADM),CADM-HAM-32QUINCY-3136-C01,CADM-Crimson-Print,"32 Quincy St, Floor 3, Room 3136",32 Quincy St (Harvard Art Museums),TBD,
Central Administration (CADM),CADM-HAM-32QUINCY-3332-C01,CADM-Crimson-Print,"32 Quincy St, Floor 3, Room 3332",32 Quincy St (Harvard Art Museums),TBD,
Central Administration (CADM),CADM-HAM-32QUINCY-4790-C01,CADM-Crimson-Print,"32 Quincy St, Floor 4, Room 4790",32 Quincy St (Harvard Art Museums),TBD,
Harvard Divinity School,HDS-LIB-1FL-C01,HDS-Crimson-Print,"HDS Library, Floor 1, Library, Room C111","45 Francis Ave, Cambridge, MA 02138",TBD,
Harvard Divinity School,HDS-LIB-1FL-C02,HDS-Crimson-Print,"HDS Library, Floor 1, Library, Room 139","45 Francis Ave, Cambridge, MA 02138",TBD,
Harvard Divinity School,HDS-LIB-235-C01,HDS-Crimson-Print,"HDS Library, Floor 2, Room 235","45 Francis Ave, Cambridge, MA 02138",TBD,
Harvard Divinity School,HDS-Carriage-1FL-C01,HDS-Crimson-Print,"Carriage House, Floor 1","45 Francis Ave, Cambridge, MA 02138",TBD,
Harvard Divinity School,HDS-CSWR-104-C01,HDS-Crimson-Print,"Center for the Study of World Religions, Floor 1, Room 104","45 Francis Ave, Cambridge, MA 02138",TBD,
Harvard Divinity School,HDS-CSWR-202-C01,HDS-Crimson-Print,"Center for the Study of World Religions, Floor 2, Room 202","45 Francis Ave, Cambridge, MA 02138",TBD,
Harvard Divinity School,HDS-DIVHALL-114-C01,HDS-Crimson-Print,"Divinity Hall, Floor 1, Room 114","45 Francis Ave, Cambridge, MA 02138",TBD,
Harvard Divinity School,HDS-DIVHALL-203-C01,HDS-Crimson-Print,"Divinity Hall, Floor 2, Room 203","45 Francis Ave, Cambridge, MA 02138",TBD,
Harvard Divinity School,HDS-DIVHALL-222_223-C01,HDS-Crimson-Print,"Divinity Hall, Floor 2, Between Rooms 222 and 223","45 Francis Ave, Cambridge, MA 02138",TBD,
Harvard Divinity School,HDS-DIVHALL-318-C01,HDS-Crimson-Print,"Divinity Hall, Floor 3, Room 318","45 Francis Ave, Cambridge, MA 02138",TBD,
Harvard Divinity School,HDS-DIVHALL-409-C01,HDS-Crimson-Print,"Divinity Hall, Floor 4, Room 409","45 Francis Ave, Cambridge, MA 02138",TBD,
Harvard Divinity School,HDS-ROCKHALL-104-C01,HDS-Crimson-Print,"Rock Hall, Floor 1, Room 104","45 Francis Ave, Cambridge, MA 02138",TBD,
Harvard Divinity School,HDS-ROCKHALL-212-C01,HDS-Crimson-Print,"Rock Hall, Floor 2, Room 212","45 Francis Ave, Cambridge, MA 02138",TBD,
Harvard Divinity School,HDS-ROCKHALL-312-C01,HDS-Crimson-Print,"Rock Hall, Floor 3, Room 312","45 Francis Ave, Cambridge, MA 02138",TBD,
Harvard Divinity School,HDS-ROCKHALL-412-C01,HDS-Crimson-Print,"Rock Hall, Floor 4, Room 412","45 Francis Ave, Cambridge, MA 02138",TBD,
Harvard Divinity School,HDS-SWARTZ-G03-C01,HDS-Crimson-Print,"Swartz Hall, Ground Floor, Room G03","45 Francis Ave, Cambridge, MA 02138",TBD,
Harvard Divinity School,HDS-Swartz-G15-C01,HDS-Crimson-Print,"Swartz Hall, Ground Floor, Room G15","45 Francis Ave, Cambridge, MA 02138",TBD,
Harvard Divinity School,HDS-Swartz-G19-C01,HDS-Crimson-Print,"Swartz Hall, Ground Floor, Room G19","45 Francis Ave, Cambridge, MA 02138",TBD,
Harvard Divinity School,HDS-Swartz-G24-C01,HDS-Crimson-Print,"Swartz Hall, Ground Floor, Room G24","45 Francis Ave, Cambridge, MA 02138",TBD,
Harvard Divinity School,HDS-Swartz-G33-C01,HDS-Crimson-Print,"Swartz Hall, Ground Floor, Room G33","45 Francis Ave, Cambridge, MA 02138",TBD,
Harvard Divinity School,HDS-Swartz-106-C01,HDS-Crimson-Print,"Swartz Hall, Floor 1, Room 106 ","45 Francis Ave, Cambridge, MA 02138",TBD,
Harvard Divinity School,HDS-Swartz-110-C01,HDS-Crimson-Print,"Swartz Hall, Floor 1, Room 110","45 Francis Ave, Cambridge, MA 02138",TBD,
Harvard Divinity School,HDS-Swartz-209-C01,HDS-Crimson-Print,"Swartz Hall, Floor 2, Room 209","45 Francis Ave, Cambridge, MA 02138",TBD,
Harvard Divinity School,HDS-Swartz-313-C01,HDS-Crimson-Print,"Swartz Hall, Floor 3, Room 313","45 Francis Ave, Cambridge, MA 02138",TBD,
Harvard Divinity School,HDS-Swartz-326-C01,HDS-Crimson-Print,"Swartz Hall, Floor 3, Room 326","45 Francis Ave, Cambridge, MA 02138",TBD,
Harvard Faculty of Arts and Sciences,FAS-AF-1414MA-FL4-C01,AF-Crimson-Print,"1414 Massachusetts Ave, Floor 4, Room 443 Mailroom",Administrative Operations,TBD,
Harvard Faculty of Arts and Sciences,FAS-AF-1414MA-FL5-C01,AF-Crimson-Print,"1414 Massachusetts Ave, Floor 5, Mailroom",Administrative Operations,TBD,
Harvard Faculty of Arts and Sciences,ADMF-86BRTL-139-B01,ADMFAO-Crimson-Print,"86 Brattle St, Floor 1, Room 139",Admissions and Financial Aid Office,TBD,
Harvard Faculty of Arts and Sciences,ADMF-86BRTL-1STSTAIR-C01,ADMFAO-Crimson-Print,"86 Brattle St, Floor 1, Stairwell",Admissions and Financial Aid Office,TBD,
Harvard Faculty of Arts and Sciences,ADMF-86BRTL-B20-B01,ADMFAO-Crimson-Print,"86 Brattle St, Basement, Room 20",Admissions and Financial Aid Office,TBD,
Harvard Faculty of Arts and Sciences,ADMF-86BRTL-BRAMP-B01,ADMFAO-Crimson-Print,"86 Brattle St, Basement, Ramp",Admissions and Financial Aid Office,TBD,
Harvard Faculty of Arts and Sciences,ADMF-86BRTL-RECEPT-C01,ADMFAO-Crimson-Print,"86 Brattle St, Reception, Lobby",Admissions and Financial Aid Office,TBD,
Harvard Faculty of Arts and Sciences,ADMF-Agassiz-108-C01,ADMFAO-Crimson-Print,"Elizabeth Cary Agassiz House, Floor 1, Room 108",Admissions and Financial Aid Office,TBD,
Harvard Faculty of Arts and Sciences,ADMF-Agassiz-401-C01,ADMFAO-Crimson-Print,"Elizabeth Cary Agassiz House, Floor 4, Room 401",Admissions and Financial Aid Office,TBD,
Harvard Faculty of Arts and Sciences,FAS-CES-ADOLPHUSBCH-4FL-B01,CES-Crimson-Print,"Adolphus Busch Hall, Floor 4",Center for European Studies,TBD,
Harvard Faculty of Arts and Sciences,FAS-CES-ADOLPHUSBCH-LL-CLO-B01,CES-Crimson-Print,"Adolphus Busch Hall, Lower Level, Closet",Center for European Studies,TBD,
Harvard Faculty of Arts and Sciences,FAS-CES-ADOLPHUSBCH-MAIL-C01,CES-Crimson-Print,"Adolphus Busch Hall, Mailroom",Center for European Studies,TBD,
Harvard Faculty of Arts and Sciences,FAS-ESS-1414MA-FL2-RECEPT-B01,AF-Crimson-Print,"1414 Mass Ave, Floor 2, Behind reception",Education Support Services,TBD,
Harvard Faculty of Arts and Sciences,FAS-ESS-SC-B02-C01,AF-Crimson-Print,"Science Center, Basement, B02",Education Support Services,TBD,
Harvard Faculty of Arts and Sciences,FAS-ESS-SEVERHALL-301-C01,AF-Crimson-Print,"Sever Hall, Floor 3, Room 301",Education Support Services,TBD,
Harvard Faculty of Arts and Sciences,FAS-HCDO-GND-KIT-C01,HCDO-Crimson-Print,"1 Harvard Yard, Ground Floor, Kitchen",Harvard College Dean's Office,TBD,
Harvard Faculty of Arts and Sciences,FAS-CGIS-K003,HMDC-Crimson-Print,"1737 Cambridge ST, CGIS Knafel, Concourse Computer Lab",Harvard-MIT Data Center / Center for Government and International Studies,TBD,
Harvard Faculty of Arts and Sciences,FAS-CGIS-K024,HMDC-Crimson-Print,"1737 Cambridge ST, CGIS Knafel, Concourse Computer Lab",Harvard-MIT Data Center / Center for Government and International Studies,TBD,
Harvard Faculty of Arts and Sciences,FAS-CGIS-K024-BW1,HMDC-Crimson-Print,"1737 Cambridge ST, CGIS Knafel, Concourse Computer Lab",Harvard-MIT Data Center / Center for Government and International Studies,TBD,
Harvard Faculty of Arts and Sciences,FAS-CGIS-K024-BW2,HMDC-Crimson-Print,"1737 Cambridge ST, CGIS Knafel, Concourse Computer Lab",Harvard-MIT Data Center / Center for Government and International Studies,TBD,
Harvard Faculty of Arts and Sciences,FAS-CGIS-K301,HMDC-Crimson-Print,"1737 Cambridge ST, CGIS Knafel, Concourse Computer Lab",Harvard-MIT Data Center / Center for Government and International Studies,TBD,
Harvard Faculty of Arts and Sciences,FAS-HIST-ROBGRADSTDNTLNGE,History-Crimson-Print,"Robinson Hall, Graduate Student Lounge",History,TBD,
Harvard Faculty of Arts and Sciences,FAS-HIST-CGIS-S434-BW,History-Crimson-Print,"CGIS Knafel Building, Floor 4, Room S434",History,TBD,
Harvard Faculty of Arts and Sciences,FAS-HIST-ROBLIBRARY,History-Crimson-Print,"Robinson Hall, Floor 1, Across from Office 119",History,TBD,
Harvard Faculty of Arts and Sciences,FAS-HIST-ROB-1FL-LNGE-C01,History-Crimson-Print,"Robinson Hall, Floor 1, Small Lounge (Next to Room118-123)",History,TBD,
Harvard Faculty of Arts and Sciences,FAS-HAA-SACKLER-4FL-C01,HAA-Crimson-Print,"Sackler Building, Floor 4",History of Art and Architecture,TBD,
Harvard Faculty of Arts and Sciences,SCS-SCIENCECTR-470-C01,DHS-Crimson-Print,"Science Center, Floor 4, Room 470",History of Science,TBD,
Harvard Faculty of Arts and Sciences,FAS-LING-BOYLSTON-310-C01,LINGUISTICS-Crimson Print,"Boylston Hall, Floor 3, Linguistics Lab",Linguistics Department,TBD,
Harvard Faculty of Arts and Sciences,FAS-MUSI-MUSICBLDG-102S-B01,MUSIC-Crimson-Print,"Music Building, Main Floor, Room 102S",Music ,TBD,
Harvard Faculty of Arts and Sciences,FAS-NELC-HMANE-FL1-B01,NELC-Crimson-Print,"Harvard Museum of the Ancient Near East (HMANE), Floor 1, Hallway, 2nd door on right",Near Eastern Languages and Civilizations ,TBD,
Harvard Faculty of Arts and Sciences,FAS-NELC-HMANE-FL1-C01,NELC-Crimson-Print,"Harvard Museum of the Ancient Near East (HMANE), Floor 1, Hallway, 2nd door on right",Near Eastern Languages and Civilizations ,TBD,
Harvard Faculty of Arts and Sciences,FAS-OCS-54Dunster-1FL-B01,OCS-Crimson-Print,"54 Dunster St, Floor 1, Office of Career Services",Office of Career Services,TBD,
Harvard Faculty of Arts and Sciences,FAS-PBH-PBH-103-B01,PBH-Crimson-Print,"Phillips Brooks House, Floor 1, Randall Room (near 103)",Phillips Brooks House,TBD,
Harvard Faculty of Arts and Sciences,FAS-PBH-PBH-306-C01,PBH-Crimson-Print,"Phillips Brooks House, Floor 3, Room 306",Phillips Brooks House,TBD,
Harvard Faculty of Arts and Sciences,FAS-PHIL-FL3-Lounge-B01,Philosophy-Crimson-Print,"Emerson Hall, Floor 3, Lounge",Philosophy,TBD,
Harvard Faculty of Arts and Sciences,SCS-WJH-1301-C02,Psychology-Crimson-Print,"William James Hall, Floor 13, Room 1301",Psychology,TBD,
Harvard Faculty of Arts and Sciences,FAS-SOCI-401C-HP-B01,"Sociology-Crimson-Print
Sociology-Crimson-Print-HP","William James Hall, Floor 4, Room 401C",Sociology,TBD,
Harvard Faculty of Arts and Sciences,FAS-SOCI-553-C01,"Sociology-Crimson-Print
Sociology-Crimson-Print-HP","William James Hall, Floor 5, Room 553",,TBD,
Harvard Faculty of Arts and Sciences,FAS-SOCI-676-B01,"Sociology-Crimson-Print
Sociology-Crimson-Print-HP","William James Hall, Floor 6, Room 676",,TBD,
Harvard Faculty of Arts and Sciences,FAS-SOCI-676-HP-C01,"Sociology-Crimson-Print
Sociology-Crimson-Print-HP","William James Hall, Floor 6, Room 676",,TBD,
Harvard Faculty of Arts and Sciences,FAS-SAS-1BOW-FL3-KIT-C01,SAS-Crimson-Print,"1 Bow St, Floor 3, Kitchen Area",South Asian Studies,TBD,
Harvard Graduate School of Arts and Sciences,FAS-GSAS-SCC-350-MAIL-C01,GSAS-Crimson-Print,"Smith Center, Floor 3, Room 350",Smith Center,TBD,
Harvard Graduate School of Arts and Sciences,FAS-GSAS-SCC-370-B01,GSAS-Crimson-Print,"Smith Center, Floor 3, Outside room 370",Smith Center,TBD,
Harvard John A. Paulson School of Engineering and Applied Sciences,SEAS-114W-R1210-C01,SEAS-Crimson-Print,"114 Western Ave, Floor 1, Room 1210","114 Western Ave, Floor 1, Room 1210",TBD,
Harvard John A. Paulson School of Engineering and Applied Sciences,SEAS-114W-R2111HW-C01,SEAS-Crimson-Print,"114 Western Ave, Floor 2, Room 2111","114 Western Ave, Floor 2, Room 2111",TBD,
Harvard John A. Paulson School of Engineering and Applied Sciences,SEAS-150W-LL2214,SEAS-Crimson-Print,"150 Western Ave, Lower Level 2, Room 214","150 Western Ave, Lower Level 2, Room 214",TBD,
Harvard John A. Paulson School of Engineering and Applied Sciences,SEAS-150W-LL1235,SEAS-Crimson-Print,"150 Western Ave, Lower Level 1, Room 235","150 Western Ave, Lower Level 1, Room 235",TBD,
Harvard John A. Paulson School of Engineering and Applied Sciences,SEAS-150W-LL1200C2-C01,SEAS-Crimson-Print,"150 Western Ave, Lower Level 1, Room 200.C2","150 Western Ave, Lower Level 1, Room 200.C2",TBD,
Harvard John A. Paulson School of Engineering and Applied Sciences,SEAS-150W-01101-C01,SEAS-Crimson-Print,"150 Western Ave, Floor 1, Room 1.101","150 Western Ave, Floor 1, Room 1.101",TBD,
Harvard John A. Paulson School of Engineering and Applied Sciences,SEAS-150W-012003,SEAS-Crimson-Print,"150 Western Ave, Floor 1, Room 200.3","150 Western Ave, Floor 1, Room 200.3",TBD,
Harvard John A. Paulson School of Engineering and Applied Sciences,SEAS-150W-0131209-C01,SEAS-Crimson-Print,"150 Western Ave, Floor 1, Room 312-09","150 Western Ave, Floor 1, Room 312-09",TBD,
Harvard John A. Paulson School of Engineering and Applied Sciences,SEAS-150W-02111,SEAS-Crimson-Print,"150 Western Ave, Floor 2, Room 111","150 Western Ave, Floor 2, Room 111",TBD,
Harvard John A. Paulson School of Engineering and Applied Sciences,SEAS-150W-02129,SEAS-Crimson-Print,"150 Western Ave, Floor 2, Room 129 (Dean's Suite)","150 Western Ave, Floor 2, Room 129 (Dean's Suite)",TBD,
Harvard John A. Paulson School of Engineering and Applied Sciences,SEAS-150W-02206-C01,SEAS-Crimson-Print,"150 Western Ave, Floor 2, Room 206","150 Western Ave, Floor 2, Room 206",TBD,
Harvard John A. Paulson School of Engineering and Applied Sciences,SEAS-150W-02420,SEAS-Crimson-Print,"150 Western Ave, Floor 2, Room 420","150 Western Ave, Floor 2, Room 420",TBD,
Harvard John A. Paulson School of Engineering and Applied Sciences,SEAS-150W-03207-C01,SEAS-Crimson-Print,"150 Western Ave, Floor 3, Room 207","150 Western Ave, Floor 3, Room 207",TBD,
Harvard John A. Paulson School of Engineering and Applied Sciences,SEAS-150W-03315,SEAS-Crimson-Print,"150 Western Ave, Floor 3, Room 315","150 Western Ave, Floor 3, Room 315",TBD,
Harvard John A. Paulson School of Engineering and Applied Sciences,SEAS-150W-03324-C01,SEAS-Crimson-Print,"150 Western Ave, Floor 3, Room 324","150 Western Ave, Floor 3, Room 324",TBD,
Harvard John A. Paulson School of Engineering and Applied Sciences,SEAS-150W-04200C,SEAS-Crimson-Print,"150 Western Ave, Floor 4, Room 200.C","150 Western Ave, Floor 4, Room 200.C",TBD,
Harvard John A. Paulson School of Engineering and Applied Sciences,SEAS-150W-04422,SEAS-Crimson-Print,"150 Western Ave, Floor 4, Room 422","150 Western Ave, Floor 4, Room 422",TBD,
Harvard John A. Paulson School of Engineering and Applied Sciences,SEAS-150W-05102-C01,SEAS-Crimson-Print,"150 Western Ave, Floor 5, Room 102","150 Western Ave, Floor 5, Room 102",TBD,
Harvard John A. Paulson School of Engineering and Applied Sciences,SEAS-150W-05422,SEAS-Crimson-Print,"150 Western Ave, Floor 5, Room 422","150 Western Ave, Floor 5, Room 422",TBD,
Harvard John A. Paulson School of Engineering and Applied Sciences,SEAS-150W-064001,SEAS-Crimson-Print,"150 Western Ave, Floor 6, Room 400.C1","150 Western Ave, Floor 6, Room 400.C1",TBD,
Harvard John A. Paulson School of Engineering and Applied Sciences,SEAS-150W-5211-C01,SEAS-Crimson-Print,"150 Western Ave, Floor 5, Room 211","150 Western Ave, Floor 5, Room 211",TBD,
Harvard John A. Paulson School of Engineering and Applied Sciences,SEAS-52OX-B147-C01,SEAS-Crimson-Print,"52 Oxford St, Basement, Room 147","52 Oxford St, Basement, Room 147",TBD,
Harvard John A. Paulson School of Engineering and Applied Sciences,SEAS-58OX-ESL-C01,SEAS-Crimson-Print,"58 Oxford St, Floor 3, ESL (right off of the elevator)","58 Oxford St, Floor 3, ESL (right off of the elevator)",TBD,
Harvard John A. Paulson School of Engineering and Applied Sciences,SEAS-GORDON-122-C01,SEAS-Crimson-Print,"Gordon McKay Laboratory, Floor 1, Room 122 (Hallway)",Gordon McKay Laboratory,TBD,
Harvard John A. Paulson School of Engineering and Applied Sciences,SEAS-MD-312-C01,SEAS-Crimson-Print,"33 Oxford St, Maxwell Dworkin, Floor 3, Room 312",Maxwell Dworkin Laboratory,TBD,
Harvard John A. Paulson School of Engineering and Applied Sciences,SEAS-PIERCE-G16-C01,SEAS-Crimson-Print,"Pierce Hall, Ground Floor, Room G16",Pierce Hall,TBD,
Harvard John A. Paulson School of Engineering and Applied Sciences,SEAS-PIERCE-1FL-C01,SEAS-Crimson-Print,"Pierce Hall, Floor 1",Pierce Hall,TBD,
Harvard John A. Paulson School of Engineering and Applied Sciences,SEAS-PIERCE-107G-C01,SEAS-Crimson-Print,"Pierce Hall, Floor 1, Room 107G",Pierce Hall,TBD,
Harvard John A. Paulson School of Engineering and Applied Sciences,SEAS-PIERCE-2FL-BRDG-C01,SEAS-Crimson-Print,"Pierce Hall, Floor 2, Bridge",Pierce Hall,TBD,
Harvard John A. Paulson School of Engineering and Applied Sciences,SEAS-PIERCE-3FL-HLLWY-C01,SEAS-Crimson-Print,"Pierce Hall, Floor 3, Hallway",Pierce Hall,TBD,
Harvard John A. Paulson School of Engineering and Applied Sciences,SEAS-PIERCE-G3E-RICOH,SEAS-Crimson-Print,"Pierce Hall, G3E",Pierce Hall,TBD,
Harvard John A. Paulson School of Engineering and Applied Sciences,SEAS-PIERCECRUFT-2FL-HLWY-C01,SEAS-Crimson-Print,"Pierce Hall, Floor 2",Pierce Hall,TBD,
Harvard Radcliffe Institute for Advanced Study,HRI-ALUMNAEHSE-110-C01,HRI-Crimson-Print,"Alumnae House, Room 110, Work Room",Alumnae House,TBD,
Harvard Radcliffe Institute for Advanced Study,HRI-BYERLY-107-C01,HRI-Crimson-Print,"Byerly Hall, Floor 1, Room 107",Byerly Hall,TBD,
Harvard Radcliffe Institute for Advanced Study,HRI-BYERLY-231-C01,HRI-Crimson-Print,"Byerly Hall, Floor 2, Room 231",Byerly Hall,TBD,
Harvard Radcliffe Institute for Advanced Study,HRI-BYERLY-FL3-HALLWAY-B01,HRI-Crimson-Print,"Byerly Hall, Floor 3, Hallway",Byerly Hall,TBD,
Harvard Radcliffe Institute for Advanced Study,HRI-FAY-020-C01,HRI-Crimson-Print,"Fay House, Ground Floor, Room 020",Fay House,TBD,
Harvard Radcliffe Institute for Advanced Study,HRI-FAY-FL2-C01,HRI-Crimson-Print,"Fay House, Floor 2",Fay House,TBD,
Harvard Radcliffe Institute for Advanced Study,HRI-FAY-200-C01,HRI-Crimson-Print,"Fay House, Floor 2, Room 200",Fay House,TBD,
Harvard Radcliffe Institute for Advanced Study,HRI-FAY-230-C01,HRI-Crimson-Print,"Fay House, Floor 2, Room 230",Fay House,TBD,
Harvard Radcliffe Institute for Advanced Study,HRI-FAY-FL3-HALLWAY-B01,HRI-Crimson-Print,"Fay House, Floor 3, Hallway",Fay House,TBD,
Harvard Radcliffe Institute for Advanced Study,HRI-FAY-300-C01,HRI-Crimson-Print,"Fay House, Floor 3, Room 300",Fay House,TBD,
Harvard Radcliffe Institute for Advanced Study,HRI-KNAFELCTR-102-B01,HRI-Crimson-Print,"Knafel Center, Floor 1, Room 102",Knafel Center,TBD,
Harvard Radcliffe Institute for Advanced Study,HRI-PUTNAM-108-C01,HRI-Crimson-Print,"Putnam House, Floor 1, Room 108",Putnam House,TBD,
Harvard Radcliffe Institute for Advanced Study,HRI-PUTNAM-208-B01,HRI-Crimson-Print,"Putnam House, Floor 2, Near Room 208",Putnam House,TBD,
Harvard Radcliffe Institute for Advanced Study,HRI-SCHL40-205-B01,HRI-Crimson-Print,"40 Concord Ave, Floor 2, Outside Room 205",Schlesinger Library,TBD,
Harvard Radcliffe Institute for Advanced Study,HRI-SCHLIB-FL3-B01,HRI-Crimson-Print,"Schlesinger Library, Floor 3, Front Entrance Hallway",Schlesinger Library,TBD,
Harvard Radcliffe Institute for Advanced Study,HRI-SCHLIB-FL4-C01,HRI-Crimson-Print,"Schlesinger Library, Floor 4, Back Exit Hallway",Schlesinger Library,TBD,
Harvard Radcliffe Institute for Advanced Study,HRI-SCHLIB-MAIL-B01,HRI-Crimson-Print,"Schlesinger Library, Floor 1, Mailroom",Schlesinger Library,TBD,
Harvard Radcliffe Institute for Advanced Study,HRI-WALLACH-108-B01,HRI-Crimson-Print,"Wallach House, Floor 1, Room 108",Wallach House,TBD,
Harvard Radcliffe Institute for Advanced Study,HRI-WALLACH-208-C01,HRI-Crimson-Print,"Wallach House, Floor 2, Room 208",Wallach House,TBD,
Harvard Student Agencies,HSA-67MTAUBURN-304-B01,HSA-Crimson-Print,"67 Mt Auburn St, Floor 3, Room 304 (Groupgear Room)",67 Mt Auburn,TBD,
Harvard Student Agencies,HSA-67MTAUBURN-FL2-COPY-B01,HSA-Crimson-Print,"67 Mt Auburn St, Floor 2, Copy Room",67 Mt Auburn,TBD,
Harvard T.H. Chan School of Public Health,HSPH-158LONG-FL1-C01,HSPH-Crimson-Print,"158 Longwood Ave, Floor 1",158 Longwood Ave,TBD,
Harvard T.H. Chan School of Public Health,HSPH-22PLYMPTONST-108-B01,HSPH-Crimson-Print,"22 Plympton St, Floor 1, Room 108 (flex space)",22 Plympton St,TBD,
Harvard T.H. Chan School of Public Health,HSPH-718HUNT-FL2-C01,HSPH-Crimson-Print,"718 Huntington Ave, Floor 2",718 Huntington Avenue,TBD,
Harvard T.H. Chan School of Public Health,HSPH-9BOWST-B2-B01,HSPH-Crimson-Print,"9 Bow St, Basement, Room B2",9 Bow St,TBD,
Harvard T.H. Chan School of Public Health,HSPH-9BOWST-310-B01,HSPH-Crimson-Print,"9 Bow St, Floor 3, Room 310 (Closet)",9 Bow St,TBD,
Harvard T.H. Chan School of Public Health,HSPH-BLDG1-209A-C01,HSPH-Crimson-Print,"Building 1, Floor 2, Room 209",Building 1,TBD,
Harvard T.H. Chan School of Public Health,HSPH-BLDG1-304-C01,HSPH-Crimson-Print,"Building 1, Floor 3, Room 304",Building 1,TBD,
Harvard T.H. Chan School of Public Health,SPH-BLDG1-405-C01,HSPH-Crimson-Print,"Building 1, Floor 4, Room 405",Building 1,TBD,
Harvard T.H. Chan School of Public Health,HSPH-BLDG1-515-C01,HSPH-Crimson-Print,"Building 1, Floor 5, Room 515",Building 1,TBD,
Harvard T.H. Chan School of Public Health,HSPH-BLDG1-617-C01,HSPH-Crimson-Print,"Building 1, Floor 6, Room 617",Building 1,TBD,
Harvard T.H. Chan School of Public Health,HSPH-BLDG1-717-C01,HSPH-Crimson-Print,"Building 1, Floor 7, Room 717",Building 1,TBD,
Harvard T.H. Chan School of Public Health,HSPH-BLDG1-815-C01,HSPH-Crimson-Print,"Building 1, Floor 8, Room 815",Building 1,TBD,
Harvard T.H. Chan School of Public Health,HSPH-BLDG1-911-C01,HSPH-Crimson-Print,"Building 1, Floor 9, Room 911",Building 1,TBD,
Harvard T.H. Chan School of Public Health,HSPH-BLDG1-1119-C01,HSPH-Crimson-Print,"Building 1, Floor 11, Room 1119",Building 1,TBD,
Harvard T.H. Chan School of Public Health,HSPH-BLDG1-1310-C01,HSPH-Crimson-Print,"Building 1, Floor 13, Room 1310",Building 1,TBD,
Harvard T.H. Chan School of Public Health,HSPH-BLDG1-1402-B01,HSPH-Crimson-Print,"Building 1, Floor 14, Room 1402",Building 1,TBD,
Harvard T.H. Chan School of Public Health,HSPH-BLDG1-1408B-B01,HSPH-Crimson-Print,"Building 1, Floor 14, Room 1408B",Building 1,TBD,
Harvard T.H. Chan School of Public Health,HSPH-BLDG2-104-C01,HSPH-Crimson-Print,"Building 2, Floor 1, Room 104",Building 2,TBD,
Harvard T.H. Chan School of Public Health,HSPH-BLDG2-222-C01,HSPH-Crimson-Print,"Building 2, Floor 2, Room 222",Building 2,TBD,
Harvard T.H. Chan School of Public Health,SPH-BLDG2-306-C01,HSPH-Crimson-Print,"Building 2, Floor 3, Room 306",Building 2,TBD,
Harvard T.H. Chan School of Public Health,HSPH-BLDG2-306-C02,HSPH-Crimson-Print,"Building 2, Floor 3, Room 306",Building 2,TBD,
Harvard T.H. Chan School of Public Health,HSPH-BLDG2-408-B01,HSPH-Crimson-Print,"Building 2, Floor 4, Room 408",Building 2,TBD,
Harvard T.H. Chan School of Public Health,SPH-BLDG2-HW435-B01,HSPH-Crimson-Print,"Building 2, Floor 4, Outside Room 435 (Hallway)",Building 2,TBD,
Harvard T.H. Chan School of Public Health,HSPH-FXB-B02-B01,HSPH-Crimson-Print,"FXB Center, Basement, Room B02",FXB Center,TBD,
Harvard T.H. Chan School of Public Health,HSPH-FXB-Security-Desk-B01,HSPH-Crimson-Print,"FXB Center, Floor 1, Security Desk",FXB Center,TBD,
Harvard T.H. Chan School of Public Health,HSPH-FXB-FL2-KITCHEN-CO1,HSPH-Crimson-Print,"FXB Center, Floor 2, Kitchen",FXB Center,TBD,
Harvard T.H. Chan School of Public Health,HSPH-FXB-304-C01,HSPH-Crimson-Print,"FXB Center, Floor 3, Room 304",FXB Center,TBD,
Harvard T.H. Chan School of Public Health,HSPH-FXB-403-C01,HSPH-Crimson-Print,"FXB Center, Floor 4, Room 403",FXB Center,TBD,
Harvard T.H. Chan School of Public Health,HSPH-FXB-643WS5-C01,HSPH-Crimson-Print,"FXB Center, Floor 6, Room 643WS5",FXB Center,TBD,
Harvard T.H. Chan School of Public Health,HSPH-FXB-709A-C01,HSPH-Crimson-Print,"FXB Center, Floor 7, Room 709A",FXB Center,TBD,
Harvard T.H. Chan School of Public Health,SPH-KRESGE-LL15-C01,HSPH-Crimson-Print,"Kresge Building, Lower Level, Room LL15",Kresge Building,TBD,
Harvard T.H. Chan School of Public Health,HSPH-KRESGE-LL19J-C01,HSPH-Crimson-Print,"Kresge Building, Lower Level, Room LL19",Kresge Building,TBD,
Harvard T.H. Chan School of Public Health,HSPH-KRESGE-G10-C01,HSPH-Crimson-Print,"Kresge Building, Ground Level, Room G10",Kresge Building,TBD,
Harvard T.H. Chan School of Public Health,HSPH-KRESGE-G29D-C01,HSPH-Crimson-Print,"Kresge Building, Ground Level, Room G29D",Kresge Building,TBD,
Harvard T.H. Chan School of Public Health,HSPH-KRESGE-G4-G52H-C01,HSPH-Crimson-Print,"Kresge Building, Ground Level, G4 Suite, Room G52H",Kresge Building,TBD,
Harvard T.H. Chan School of Public Health,HSPH-KRESGE-121-C01,HSPH-Crimson-Print,"Kresge Building, Floor 1, Room 121",Kresge Building,TBD,
Harvard T.H. Chan School of Public Health,HSPH-KRESGE-329-C01,HSPH-Crimson-Print,"Kresge Building, Floor 3, Room 329",Kresge Building,TBD,
Harvard T.H. Chan School of Public Health,HSPH-KRESGE-333-C01,HSPH-Crimson-Print,"Kresge Building, Floor 3, Room 333",Kresge Building,TBD,
Harvard T.H. Chan School of Public Health,HSPH-KRESGE-425-C01,HSPH-Crimson-Print,"Kresge Building, Floor 4, Room 425",Kresge Building,TBD,
Harvard T.H. Chan School of Public Health,HSPH-KRESGE-506C-C01,HSPH-Crimson-Print,"Kresge Building, Floor 5, Room 506C",Kresge Building,TBD,
Harvard T.H. Chan School of Public Health,HSPH-KRESGE-609-B01,HSPH-Crimson-Print,"Kresge Building, Floor 6, Room 609",Kresge Building,TBD,
Harvard T.H. Chan School of Public Health,HSPH-KRESGE-721-C01,HSPH-Crimson-Print,"Kresge Building, Floor 7, Room 721 (kitchen)",Kresge Building,TBD,
Harvard T.H. Chan School of Public Health,HSPH-KRESGE-820A-C01,HSPH-Crimson-Print,"Kresge Building, Floor 8, Room 820A",Kresge Building,TBD,
Harvard T.H. Chan School of Public Health,HSPH-KRESGE-909-C01,HSPH-Crimson-Print,"Kresge Building, Floor 9, Room 909",Kresge Building,TBD,
Harvard T.H. Chan School of Public Health,HSPH-KRESGE-FL10-HALLWAY-C01,HSPH-Crimson-Print,"Kresge Building, Floor 10, Hallway",Kresge Building,TBD,
Harvard T.H. Chan School of Public Health,HSPH-KRESGE-1001-C01,HSPH-Crimson-Print,"Kresge Building, Floor 10, Room 1001",Kresge Building,TBD,
Harvard T.H. Chan School of Public Health,HSPH-KRESGE-1005-C01,HSPH-Crimson-Print,"Kresge Building, Floor 10, Room 1005",Kresge Building,TBD,
Harvard T.H. Chan School of Public Health,HSPH-KRESGE-1007-C01,HSPH-Crimson-Print,"Kresge Building, Floor 10, Room 1007",Kresge Building,TBD,
Harvard T.H. Chan School of Public Health,HSPH-Landmark-HWL3-C20-C01,HSPH-Crimson-Print,"Landmark Center, Floor 3, Room L3-C20 (Corridor)",Landmark Center,TBD,
Harvard T.H. Chan School of Public Health,HSPH-Landmark-L3-099-C01,HSPH-Crimson-Print,"Landmark Center, Floor 3, Room L3-099",Landmark Center,TBD,
Harvard T.H. Chan School of Public Health,HSPH-Landmark-L3-111-C01,HSPH-Crimson-Print,"Landmark Center, Floor 3, Room L3-111",Landmark Center,TBD,
Harvard T.H. Chan School of Public Health,HSPH-LANDMARK-405-C01,HSPH-Crimson-Print,"Landmark Center, Floor 4, Room 405 (mailroom)",Landmark Center,TBD,
